"FK_Etudiant","FK_Resultat","FK_Specialite","FK_Type_Reussi","FK_Classification","Credit_totale____2emme","Moyenne_generale__2emme","diagnostic__financier","gestion_de_production","fondamentaux_du_managment","fondamenteaux_du_marketing","Mathematiques_financieres","Principe_de_gestion_1","principe_de_gestion_2","moyenne_elements_specifiques","scrore","moyenne_generale___3emme"
1,1,1,1,1,45,"11,1","8,22","14,2","14,25","1,45","12,47","12,47","13,72","13.48","12.79","12,45"
2,1,2,1,2,50,"11,88","12,1","10,5","12,4","11,8","8,03","8,03","12,4","10.743333","11.8116665","12,45"
3,1,3,1,3,58,"12,33","10,7","13,5","13,9","13.4","7,73","7,73","13,9","6.1433334","9.736667","11,44"
4,1,3,1,4,47,"11,64","11,9","13,7","8,92","11,85","12,52","12,52","8,92","8.14","10.39","11,44"
5,1,4,1,5,60,"13,02","11.1
5","17,7","12","15,2","14,46","14,46","12.7
5","13.48","12.79","10,22"
6,1,2,1,6,41,"11,28","17,2","14.8
8","10,8","12","9","9","10,8","10.6","11.44","12"
7,1,4,1,7,48,"11,48","12","16","11","9,68","8,05","8,05","1","8.35","10.415","12,33"
8,1,3,1,8,53,"13,08","16","14,7","12,8","14","9,38","9,38","12,8","8.46","11.27","12,05"
9,1,4,1,9,55,"12,23","8,5","11","11","4","4","4","11","8.666667","10.948334","12,15"
10,1,4,1,10,42,"12,24","12","16,8","7,27","9,45","13,26","13,26","7,27","12.443334","12.841666","12.95"
11,1,4,1,11,58,"12,36","11","15","14","10,4","9,08","9,08","14.9
5","13.48","12.79","12,33"
12,1,4,1,12,43,"11,07","8,15","12,8","11,9","10","6,96","6,96","11,9","13.48","11.44","11,02"
13,1,4,1,13,58,"13,17","13","16,5","15","12","11,93","11,93","15.2
5","13.48","12.79","13,02"
14,1,3,1,14,60,"13,45","10","15,5","13,15","12,58","12,07","12,07","13,15","7.3566666","10.903334","12"
15,15,0,0,15,0,"0,12","0","1,4","0",NULL,"0","0","0",NULL,"0","-"
16,1,3,1,16,60,"15,24","13","12,1","15,82","16,15","18,55","18,55","15,82","10.516666","13.378333","15,56"
16,1,3,1,16,44,"10,82","10","8,8","12,5","12,5","8,92","8,92","12,5","6.306667","9.0633335","11,85"
17,1,3,1,18,52,"12,84","9,55","11,6","15,25","10,9","14,38","14,38","15,25","7.9766665","10.908334","10,5"
18,1,4,1,19,55,"12,21","15","14,8","13,8","12,7","10,04","10,04","13,8","13.48","12.79","12"
19,1,1,1,20,41,"11,06","8,32","10","9,15","14,7","6,47","6,47","9,15","8.256667","10.158334","10,4"
20,1,4,1,21,50,"12,29","9,15","14,8",NULL,NULL,NULL,NULL,NULL,"4.9333334","8.611667","13.26"
21,1,3,1,22,51,"12,44","9,35","8,6","8","10,7","10,83","10,83","8","6.7266665","10.083333","12,82"
22,1,3,23,23,29,"10,41","8,5","11","11","4","4","4","11","4.1666665","7.2883334","9,41"
23,1,1,1,24,58,"13,34","14,8","14,5","13","13","9,92","9,92","13,5","12.14","13.24","12,98"
24,1,2,1,25,45,"11,21","12","12","12","12","15","15","12","13","12.605","11,58"
25,1,4,1,26,50,"11,34","10,2","13","12,5","7,55","10,05","10,05","12,5","11.85","12.095","11.78"
26,0,4,0,27,47,"11,38","8,1","16","10,62","12,25","14,61","14,61","10,62","13.743333","13.0616665","0"
27,0,0,0,28,33,"8,49","0","0",NULL,NULL,"9,45","9,45",NULL,NULL,"2","-"
28,1,3,23,29,18,"10,48","7,5","12","12","12","5","5","12","4.1666665","7.3233333","8,48"
29,1,3,1,30,40,"10,7","9,25","12","9,25","10","9,36","9,36","9,25","6.2033334","8.951667","11,65"
30,1,3,1,31,46,"11,33","10","13","10","13","6","6","10","5.3333335","8.331667","11,96"
31,1,3,1,32,58,"11,86","13","11","14,1","10,2","9,48","9,48","14,1","7.4933333","10.176666","10"
32,1,2,0,33,33,"10,74","10","6","12","9","10","10","12","10.333333","10.536667","10,15"
33,1,2,1,34,53,"11,23","11","12,2","8,75","12","8,31","8,31","8,75","9.6866665","10.958333","12,7"
34,1,3,0,35,58,"12,96","13","14","13","14","9,53","9,53","13.8
5","7.51","10.735","9,47"
35,1,2,1,36,55,"11,85","10","7,8","12","12","10,65","10,65","12","11.55","12.2","12,38"
36,1,3,1,37,45,"10,82","11","10","12,6","10","6,56","6,56","12,6","5.8533335","8.836667","10,66"
37,1,1,1,38,45,"10,16","4,12","11,4","10","10","6,56","15,75","10","11.916667","11.538333","12,78"
38,1,0,1,39,0,"0,12","0","0","1,4","0","0","15,75","1,4",NULL,"12","-"
39,1,2,1,40,45,"11,76","13,2","8,35","9,8","11","10,91","15,75","9,8","12.183333","12.471666","11,22"
40,1,3,1,41,41,"10,09","10","8,1","12","11,7","6,68","15,75","12.3
5","5.56","8.325","12,84"
41,15,3,1,42,43,"11,12","7,7","8,45","13","11,9","8,18","15,75","13.0
5","5.2933335","8.706667","10,12"
42,1,3,1,43,47,"11,66","0,44","14","13","15","7","15,75","13","2.48","7.07","11,24"
43,1,2,1,44,56,"13,1","11","4","13","13","11","15,75","13","13.916667","14.008333","13,52"
44,1,3,1,45,55,"12,3","9,55","14,8","12,65","11,67","15,03","15,75","12,65","8.193334","10.746667","11,85"
45,1,4,1,46,57,"12,6","11,6","12","10,68","10,85","15,13","15,75","10,68","12.81","13.205","13.08"
46,1,3,1,47,55,"12,91","13,8","14,4","13,58","9,88","13,97","15,75","13,58","9.256667","11.583333","10,4"
47,1,1,1,48,44,"12,33","9,5","14","17","14","11","15,75","17","16.583334","14.956667","12,62"
48,1,4,1,49,48,"12,42","8,85","11,3","13","13","8,5","15,75","13.8
5","13.48","12.79","12,11"
49,1,3,1,50,38,"11,11","8,38","13,8","15,1","8,65","9,33","15,75","15,1","5.903333","9.006667","12,98"
50,1,3,1,51,50,"13,84","15","18,3","9,82","12,22","17,09","15,75","9,82","10.696667","12.768333","11,65"
51,1,4,1,52,56,"11,25","7,5","12","12","12","5","15,75","12","13.25","12.75","12,68"
52,1,3,1,53,53,"12,14","11","15","10","14","8","15,75","10","6.3333335","9.736667","12,4"
53,1,3,1,54,55,"13,12","12","16","10","16","9","15,75","10","7","10.56","13,27"
54,1,3,1,55,32,"10,65","7,6","14,5","11,75","7,52","10,45","15,75","11,75","6.016667","8.833333","10"
55,1,1,1,56,45,"10,96","8,65","12.0
5","13","8,92","8,53","15,75","13","13.916667","12.9383335","12,7"
56,1,2,1,57,48,"11,49","9","5,7","14.6
5","11","8,1","15,75","14","13.583333","13.036667","10,3"
57,1,4,1,58,41,"10,7","8,65","4,5","8,55","10","7,43","15,75","8,55","13.48","10.39","10,44"
58,1,3,1,59,40,"10,46","13","17","12","17","4,25","15,75","12","5.75","8.105","10,66"
59,1,4,1,60,55,"12,23","10","13","10","13","6","15,75","10","12.916667","13.073334","13,16"
60,1,3,0,61,55,"12,18","9,45","16.1
5","10,8","11,35","11,1","15,75","10,8","6.85","10.015","9,47"
61,1,3,1,62,52,"11,75","11","13.4
5","12,42","10,1","11,91","15,75","12,42","7.636667","10.193334","12,38"
62,1,2,0,63,31,"10,58","7,92","8,7","11.0
5","8,58","8,3","15,75","11","11.776667","11.678333","9,16"
63,1,1,1,64,44,"12,13","10","12","12","12","12","15,75","12","13.25","13.19","12,74"
64,1,3,1,65,35,"11,28","9,72","7,02","14,6","8,65","6,56","15,75","14,6","5.4266667","8.853333","11,22"
65,1,2,0,66,40,"10,94","3,95","6,65","15","10","8,24","15,75","15","13.583333","12.761666","9,12"
66,1,3,1,67,60,"12,22","10","11,1","12,27","11,88","12,22","15,75","12,27","7.4066668","10.3133335","10,66"
67,1,1,1,68,52,"12,42","10","15.5
5","8,45","12,58","14,34","15,75","8,45","10.883333","12.151667","12,78"
68,1,3,1,69,40,"10,84","9,85","5,8","15","10,7","6,07","15,75","15","5.306667","8.573334","12,67"
69,1,3,1,70,55,"12,78","10","14.3
5","13,75","12,62","12,19","15,75","13,75","7.3966665","10.588333","11,28"
70,1,1,1,71,41,"10,56","10,2","16,2","10,7","11","7,29","15,75","10,7","12.383333","11.971666","10,82"
71,1,1,1,72,56,"12,83","15","12,4","13,1","13","9,65","15,75","13,1","13.983334","13.906667","11,2"
72,1,2,1,73,60,"12,62","14","12.9
5","10","10","10,27","15,75","10","11.916667","12.768333","13,87"
73,1,2,1,74,37,"11,08","7,25","13","12,5","8","9,83","15,75","12,5","12.083333","12.081667","11,22"
74,1,1,1,75,48,"10,84","4,2","11,8","11,62","12,62","8,61","15,75","11,62","12.996667","12.418333","12,84"
75,15,3,0,76,38,"10,14","8,75","12,1","8,45","7,82","8,43","15,75","8,45","5.7266665","7.9333334","0,71"
76,1,2,1,77,49,"12,77","13","13","14","14","13","15,75","14","14.583333","14.176666","12,12"
77,15,3,23,78,10,"10,02","5","0","7","13","5,23","15,75","7","3.41","6.715","6,14"
78,1,4,1,79,48,"11,36","15","11,7","8,95","10,6","7,88","15,75","8,95","13.48","12.79","10,22"
79,1,4,1,80,50,"11,93","11,1","13","13,77","10,42","10,65","15,75","13,77","14.173333","13.551666","12.86"
80,1,4,1,81,38,"10,62","5,08","13,3","9,1","7,88","8,84","15,75","9,1","13.48","9.736667","10,33"
81,1,3,23,82,22,"10,03","9,5","19","15","12","9,23","15,75","15","6.2433333","8.136666","9,2"
82,1,3,0,83,48,"12,34","11","3,88","15","15","8,37","15,75","15","6.4566665","9.898334","9,82"
83,1,3,1,84,45,"11,39","14,2","14","13,15","13,12","10,18","15,75","13,15","8.126667","10.258333","10,3"
84,1,4,1,85,60,"14,26","0,44","14","13","15","7","15,75","13","14.25","14.755","13,6"
85,1,2,1,86,52,"11,68","9,32","12,6","11.1
5","12","10,05","15,75","11,5","13.083333","12.881667","12,33"
86,1,3,1,87,43,"10,92","11
","9,3","8,3","10","8,54","15","8,3","12.03","11.975","12,33"
87,1,4,1,88,50,"10,6","10,5",NULL,"10,8","11,23","7,66","15,75","10,8","8.85","9.725","11.62"
88,1,3,0,89,36,"10,57","9,2",NULL,"10,25","9,93","8,3","15,75","10,25","5.8333335","8.201667","9,16"
89,0,0,0,90,14,"6,94","1,5","6,6","8,52","9","7,09","15,75","8,52",NULL,"9","-"
90,1,2,1,91,51,"11,54","14","10,4","15.1
5","10","7,19","15,75","15","13.583333","13.0616665","11,23"
91,1,3,0,92,43,"11,77","12","15","9,47","11,45","9,79","15,75","9,47","7.2633333","10.016666","9,12"
92,1,3,0,93,53,"11,28","12","10","13.1
5","10,3","7,41","15,75","13.1
5","6.47","9.375","9,82"
93,1,1,1,94,48,"11,31","13","7,9","13","10.1
2","7,97","15,75","13","13.916667","13.113334","11,16"
94,1,2,1,95,43,"10,7","14,1","10","10","9,15","7,05","15,75","10","11.633333","11.666667","10,3"
95,1,3,1,96,27,"10,92","9,5","9,8","10,15","9,3","12,3","15,75","10,15","7.266667","9.593333","12,67"
96,1,3,1,97,38,"11,22","6,5","11","8","14","7,25","15,75","8","4.5833335","7.9016666","11,02"
97,1,1,1,98,34,"12,44","8","13","13","11","1","15,75","13","13.916667","13.678333","14,56"
98,1,4,1,99,36,"10,11","11","11,6","6,75","7,4","8,8","15,75","6,75","13.48","9.736667","10,55"
99,1,3,1,100,42,"11,38","12","16,2","12,95","6,57","15,22","15,75","12,95","9.073334","10.726666","10,82"
100,1,4,1,101,50,"12,04","9,95","12,8","12","10","7,06","15,75","12.2
5","13.48","12.79","11,33"
101,1,3,1,102,60,"13,77","14","14,6","16,25","11,1","15,25","15,75","16,25","9.75","12.26","11,2"
102,1,3,1,103,28,"9,34","9,22","5,9","6,8","7,45","6,85","15,75","6,8","5.3566666","7.3483334","11,33"
103,1,3,1,104,40,"10,44","8,02","10,6","11","9,98","7,54","15,75","11.4
8","5.1866665","8.3133335","11,07"
104,1,2,1,105,60,"14,33","14","12","12","18","14","15,75","12","15.25","15.29","14,66"
105,1,4,1,106,38,"11,18","6,82","16","9,75","11","8,66","15,75","9,75","13.48","10.39","10,55"
106,1,3,23,107,22,"10,03","4,5","12","10","15","8,5","15,75","10","4.3333335","7.181667","8,16"
107,1,3,1,108,60,"13,34","12","14,4","15,6","14,08","11,28","15,75","15,6","7.76","11.05","13,87"
108,1,1,1,109,34,"12,44","7","15","12,25","13","2","15,75","12,25","13.416667","13.428333","12,62"
109,1,4,1,110,51,"12,15","8,9","12","14,27","12,55","11,89","15,75","14,27","14.006667","13.578333","13.24"
110,1,4,1,111,47,"11,17","5,5",NULL,NULL,"9,03","8,97","15,75",NULL,"5.25","8.21","12.53"
111,1,4,0,112,38,"9,5","5","7,9","4,75","10","7,24","15,75","4,75","13.48","10.39","9,88"
112,1,4,1,113,60,"14,28","11","15","10","14","8","15,75","10","13.583333","14.431666","14,77"
113,1,3,0,114,43,"11,44","9,92","11","14,85","11,08","10,14","15,75","14,85","6.6866665","9.5633335","9,82"
114,1,4,0,115,36,"10,66","7,67","10","8,45","9,4","6,63","15,75","8,45","11.4","11.53","9,88"
115,1,4,1,116,50,"14,23","12","16","10","16","9","15,75","10","13.916667","14.573334","14,86"
116,1,3,23,117,28,"10,22","5","12","10,5","16","14,3","15,75","10,5","6.4333334","8.326667","8,02"
117,1,2,1,118,55,"13,03","13,5","10,8","16,6","11","10,93","15,75","16,6","14.45","14.24","11,25"
118,1,4,1,119,49,"11,25","13","17","12","17","4,25","15,75","12","14.916667","13.583333","12,5"
119,1,4,1,120,43,"10,96","8,62","18,7","10","12","7,19","15,75","10","13.48","11.44","10,66"
120,1,4,1,121,29,"9,02","3,55","13","10,2","8,58","8,65","15,75","10,2","12.983334","11.001667","11,34"
121,1,2,1,122,52,"12,69","15","12","12","12","15","15,75","12","13.25","13.47","13"
122,0,3,0,123,48,"11,89","8,1","10,5","14,1","14,1","7,77","17,25","14,1","5.29","9.09","12,33"
123,1,2,1,124,47,"12,22","5,88","17","14,7","11,82","10,29","17,25","14,7","14.59","13.905","12,33"
124,1,3,1,125,37,"11,12","3","15","10","17","12","17,25","10","5","8.56","11,68"
125,1,1,1,126,55,"12,08","10","10,6","15,35","11,55","12,12","17,25","15,35","15.983334","14.531667","14,36"
126,1,2,1,127,43,"11,24","6,95","10","14,15","12,42","8,04","17,25","14,15","14.606667","13.423333","11,23"
127,1,2,1,128,20,"5,08","0","0","8,65","12","6,92","17,25","8,65","12.633333","8.856667","-"
128,1,4,1,129,60,"12,75","10","14,7","12,9","13","11,12","17,25","12,9","13.48","9.736667","12,66"
129,1,1,1,130,30,"11,2","9,5","16,6","9,05","7,4","7,69","17,25","9,05","11.783334","11.991667","13,18"
130,1,3,1,131,52,"12,03","4","12","10,5","12","16","17,25","10,5","6.6666665","9.848333","12,57"
131,1,1,1,132,33,"10,08","8,38","10","9,8","9,25","6,83","17,25","9,8","12.283334","11.681666","12,11"
132,15,3,23,133,2,"10,01","1","0","12","4","11","17,25","12","4","7.505","4,86"
133,1,3,0,134,45,"11,22","7,55","14,8","12,97","10,5","11,34","17,25","12,97","6.2966666","9.258333","9,82"
134,1,4,1,135,60,"14,22","7,5","18","7","13","5,23","17,25","7","14.083333","14.651667","14,53"
135,1,4,1,136,43,"11,18","13","7,35","9,55","13","9,88","17,25","9,55","13.48","10.39","11,44"
136,1,3,1,137,48,"11,58","11","9,5","14,1","11,72","13,63","17,25","14,1","8.21","10.395","11,16"
137,1,3,1,138,48,"11,16","9,95","13","11,5",NULL,NULL,"17,25","11,5","3.3166666","7.238333","10,3"
138,0,4,0,139,39,"10,39","8,17",NULL,"7,45","8,35",NULL,"17,25","7,45","8.233334","9.3116665","0.7"
139,1,4,1,140,36,"10,42","8,9","9,3","11,4","11,5","7,08","17,25","11,4","13.48","11.8116665","10,33"
140,1,3,23,141,18,"9,98","14","14","12","12","2,25","17,25","12","5.4166665","7.6983333","8,75"
141,1,4,1,142,60,"13,54","12,1","17,6","13,25","10,8","13,99","17,25","13,25","16.033333","15.286667","13.57"
142,1,4,1,143,48,"11,48","10","10,9","7,4","11","9,48","17,25","7,4","13.48","12.79","11,99"
143,1,1,1,144,53,"11,75","10","16,9","9,7","10,3","9,69","17,25","9,7","12.216666","12.483334","13,02"
144,1,3,1,145,55,"13,08","13","16","15,68","8,55","12,36","17,25","15,68","8.453333","11.266666","11,07"
145,1,3,1,146,22,"9,13","6,37","7,3","8,4","7,35","6,16","17,25","8,4","4.1766667","6.653333","11,72"
146,1,4,1,147,50,"11,63","10","15","8,77","12,32","12,82","17,25","8,77","13.673333","13.151667","12.57"
147,1,2,1,148,48,"11,78","11","15,7","10,1","9,1","8,33","17,25","10,1","12.15","12.465","11,05"
148,1,3,1,149,40,"11,7","13","13","7,25","9,62","7,8","17,25","7,25","6.9333334","9.816667","11,72"
149,1,4,1,150,60,"13,56","12,5","12","16,4","11,1","14,89","17,25","16,4","15.216666","14.888333","13.81"
150,15,1,0,151,51,"12,52","7,85","15","13,1","11","8,99","17,25","13,1","14.483334","14.001667","9,06"
151,1,3,0,152,55,"12,53","12","13,4","14,3","8,45","12,76","17,25","14,3","8.253333","10.891666","9,88"
152,1,2,1,153,41,"11,39","16","14","12","11","16","17,25","12","13.416667","12.903334","11,85"
153,1,1,1,154,51,"11,52","11,3","14,7","7,9","10,7","9,44","17,25","7,9","11.016666","11.768333","12,78"
154,1,2,1,155,50,"11,04","4,02","10,8","13,6","10,88","5,65","17,25","13,6","13.91","12.975","11,25"
155,1,4,1,156,38,"10,57","6","7,6","10","11,2","6,89","17,25","10","11.616667","11.593333","12,58"
156,1,4,1,157,43,"11,57","7,25","14","14","9,55","7,59","17,25","14","15.083333","13.826667","12,15"
157,1,3,1,158,40,"10,6","8,1","7,75","14","10,7","5,88","17,25","14.6
5","4.66","8.13","11,58"
158,1,4,1,159,48,"10,94","10","8,9","13","11.3
2","9,49","17,25","13.2
5","13.48","9.736667","12,77"
159,1,4,1,160,50,"10,74","8","12","6,5","11","11,13","17,25","6,5","11.916667","11.828333","12.17"
160,0,1,0,161,38,"10,63","8,2","11,6","13","9","8,1","12,5","13","12.833333","12.231667","11,33"
161,1,3,1,162,60,"13,46","11,5","15,6","15,97","11,22","14,39","12,5","15,97","8.63","11.545","11,34"
162,0,0,0,163,13,"2,74","0","0",NULL,"0","0","-",NULL,NULL,NULL,"-"
162,1,0,1,163,13,"2,74","0","0","14","0","0","14,75","14",NULL,NULL,"-"
163,1,4,1,165,58,"12,5","12","11.8
5","11","13","8,27","14,75","11.9
5","13.48","9.736667","12,44"
164,0,0,0,166,58,"12,49","13,2","13","11","12","9,43","14,75","11.3
5",NULL,"0","11,77"
165,1,3,1,167,38,"11,12","16","11","15","11","3,12","14,75","15","6.3733335","9.246667","11,36"
166,1,3,1,168,60,"14,5","13,7","14,1","16,78","15,08","12,49","14,75","16,78","8.73","12.115","12,09"
167,0,0,0,169,5,"2,06","0","0","3,4","3,9","2,33","14,75","3,4",NULL,NULL,"-"
168,1,4,1,170,50,"12,26","14","9,42","13,1","12","10,51","14,75","13,1","13.48","11.8116665","12,11"
169,1,4,1,171,48,"10,71","7,8","11","10","10,8","9,71","14,75","10","11.916667","11.8133335","11.25"
170,1,1,1,172,33,"10,32","7,48","9,1","9,98","8,25","8,41","14,75","9,98","11.57","11.445","13,18"
171,1,3,1,173,48,"12,23","9,5","14","17","14","11","14,75","17","6.8333335","10.031667","12,37"
172,1,3,1,174,45,"12,2","11,8","13","12,87","8,98","16,86","14,75","12,87","9.553333","11.376667","12,11"
173,1,4,1,175,45,"10,85","6,95","12,2",NULL,"11,4","5,25","14,75",NULL,"8.983334","9.916667","12.2"
174,15,3,0,176,11,"9,88","1","0","1","2","12","14,75","1","4.3333335","7.1066666","5,03"
175,1,4,1,177,48,"11,76","10","14,1","14,35","10,2","8,89","14,75","14,35","14.4","13.58","12.84"
176,1,4,1,178,48,"11,35","7,17","15","11,67","10,27","8,9","14,75","11,67","13.806666","13.078333","12.99"
177,1,3,1,179,46,"10,23","8","13","13","11","1","14,75","13","3","7.115","11,17"
178,1,3,1,180,42,"11,07","7,4","11,2","13,58","10,17","13,22","14,75","13,58","6.8733335","9.471666","11,72"
179,1,4,1,181,43,"10,79","9,6","8,7","10","11","9,16","14,75","10","11.15","11.47","11,11"
180,1,3,1,182,55,"12,6","12","12,1","13","12,6","10,58","14,75","13.2
5","7.5266666","10.5633335","10,24"
181,1,2,1,183,45,"11,68","11","12","12,05","9,3","1,68","14,75","12,05","12.033334","12.356667","11,05"
182,1,4,1,184,60,"13,98","14","17,1","16,5","12,6","11,25","14,75","16,5","13.48","10.39","13,66"
183,1,3,0,185,41,"10,47","7","15","12,25","13","2","14,75","12,25","3","7.235","9,95"
184,0,0,0,186,47,"11,34","10","16","9,3","9,2","10,5","14,75","9,3",NULL,"9","12,33"
185,1,3,1,187,45,"10,93","9,4","13,9","12,3","10,08","9,42","14,75","12,3","6.2733335","9.101666","11,72"
186,1,0,1,188,0,"1,5","0","0","6,3","4,72","2,21","14,75","6,3",NULL,"8","-"
187,1,3,1,189,60,"16,88","4","17","11,13","15","5","14,75","11,13","3","10.44","16,5"
188,1,3,0,190,45,"10,81","8,65","11","10,47","6,92","10,49","14,75","10,47","6.38","9.095","9,06"
189,1,1,1,191,34,"10,44","4","17","11,13","15","5","14,75","11,13","12.336667","11.888333","11,13"
190,1,2,1,192,53,"12,38","14","15","8,35","12,7","10,94","14,75","8,35","11.933333","12.656667","12,22"
191,1,1,1,193,55,"12,24","8,25","13","12","11,98","12,04","14,75","12","12.916667","13.078333","12,78"
192,1,3,1,194,40,"11,02","12","12,3","11,88","8,82","12,05","14,75","11,88","8.016666","10.018333","12,58"
193,1,4,1,195,41,"11,21","14","12","7,85","9,15","8,27","14,75","7,85","13.48","9.736667","11,11"
194,1,2,1,196,53,"11,6","12","9","14","2","12","14,75","14","10.25","11.425","12,32"
195,1,4,1,197,47,"11,23","9,5","19","15","12","9,23","14,75","15","16.25","14.24","12,52"
196,15,3,23,198,16,"10,23","12","8","1,5","6","7","14,75","1,5","6.3333335","8.281667","7,9"
197,1,3,1,199,50,"12,6","11","16","7,98","11,08","14,4","14,75","7,98","8.466666","11.033334","12,15"
198,1,1,1,200,45,"11,78","7,22","14.4
5","15,58","10,2","8,1","14,75","15,58","15.303333","14.041667","11,58"
199,1,4,1,201,42,"11,58","8,35","7,15","11,25","11,2","12,98","14,75","11,25","11.05","11.815","11.84"
200,0,0,0,202,10,"4,46","0","1,6",NULL,"6,3","3,97","14,75",NULL,NULL,"0","-"
201,15,2,0,203,53,"13,02","13","9,65","15","14","9,06","14,75","15","14.583333","14.301666","13,11"
202,1,3,1,204,60,"12,86","14,3","14","13,1","12,75","10,61","14,75","13,1","8.303333","11.081667","12,86"
203,1,2,1,205,48,"11,96","7,38","15","13,4","10,7","8,31","14,75","13,4","12.95","12.955","11,22"
204,1,3,1,206,48,"11,61","10","10","8,85","12","8,62","14,75","8,85","6.2066665","9.408334","10,61"
205,1,2,1,207,51,"11,28","10,1","4,85","13,5","11","7,89","14,75","13,5","13.083333","12.681666","11,88"
206,1,4,0,208,55,"12,33","6,02","13,7","11","14","10,22","14,75","11","13.15","13.24","9,88"
207,0,0,0,209,48,"12,64","6,85","12,8","14","15","8,15","14,75","14.7
5",NULL,"10","12,11"
208,1,4,1,210,57,"13","14","18","11","11","13,76","14,75","11","14.583333","14.291667","13"
209,1,2,1,211,51,"11,31","10","10","12","13","10","14,75","12","13.25","12.78","12,04"
210,1,4,1,212,50,"11,1","10","13,8","10","8,35","10,54","14,75","10","13.48","11.8116665","11,11"
211,1,4,1,213,53,"11,81","10","14,7","9,38","11,5","8,42","14,75","9,38","12.943334","12.876667","12.28"
212,1,1,1,214,44,"11,88","12","18","12,5","16","7","14,75","12,5","13.25","13.065","12,08"
213,1,3,23,215,24,"10,14","10","16","14,25","17","8","14,75","14,25","6","8.07","8,4"
214,1,3,1,216,48,"11,22","7,72","9,85","13","11","8,29","14,75","13.1
5","5.3366666","8.778334","12,46"
215,1,1,1,217,54,"12,06","10","16","14,25","17","8","14,75","14,25","14.416667","13.738334","12,36"
216,1,3,23,218,31,"10,23","11","12","15,75","18","9","14,75","15,75","6.6666665","8.448334","9,58"
217,1,2,1,219,42,"11,43","10","7","9","10","10","14,75","9","11.25","11.34","11,7"
218,1,1,0,220,30,"10,45","11","12","15,75","18","9","14,75","15,75","15.416667","12.933333","10,6"
219,1,3,1,221,51,"12,44","14","14","14,05","12","12","14,75","14,05","8.666667","11.053333","12,75"
220,1,3,0,222,53,"11,18","11","12,1","10","9,95","6,96","14,75","10.5
5","5.9866667","9.083333","10,56"
221,0,0,0,223,26,"5,88","0","1,6",NULL,NULL,"6,95","14,75",NULL,NULL,"12","-"
222,1,1,1,224,50,"11,93","12","15,7","7,05","11","10,14","14,75","7,05","9.616667","11.273334","11,28"
223,1,4,1,225,53,"11,76","10,2","13,8","12","11","11,28","14,75","12.4
5","13.48","9.736667","11,33"
224,1,1,1,226,38,"10,32","6,62","12,2","12","8,5","7,36","14,75","12","12.916667","12.118333","10,83"
225,15,3,0,227,45,"11,65","8","14",NULL,NULL,"8,82","14,75",NULL,"5.6066666","8.628333","8,74"
226,1,3,1,228,36,"10,23","12","15","11,5","13","12","14,75","11,5","8","9.615","10,63"
227,1,1,1,229,48,"11,8","12","9,5","10","10","9,45","14,75","10","11.583333","12.191667","13,5"
228,1,4,1,230,45,"11,42","11","7,3","14,5","10,1","11,42","14,75","14,5","12.183333","12.301666","12.57"
229,1,3,1,231,55,"12,68","11","15","12,58","10,98","14,76","14,75","12,58","8.586667","11.133333","10,08"
230,1,2,1,232,48,"11,1","10,4","11,7","7,6","11,3","9,4","14,75","7,6","11.216666","11.658334","12,33"
231,1,3,1,233,50,"11,93","7,4","13,7","13,37","9,4","10,78","14,75","13,37","6.06","9.495","10,24"
232,1,4,1,234,42,"10,53","6,5",NULL,NULL,"10,35",NULL,"14,75",NULL,"4.9166665","7.7233334","11.84"
233,1,4,1,235,36,"10,54","6,5","13","9,85","6,9","9,8","14,75","9,85","13.48","12.79","10,11"
234,1,2,0,236,35,"10,5","8,3","9,05","11","8,8","4,83","14,75","11","11.516666","11.508333","9,52"
235,0,0,0,237,0,"0,11","0","0","0","0","0","14,75","0",NULL,"0","-"
236,15,3,23,238,19,"10,01","7","3","3,5","2","3","14,75","3,5","3.3333333","6.6716666","4,44"
237,1,4,1,239,53,"12,34","11","12,6","8,6","14","9,03","14,75","8,6","13.48","12.79","10,22"
238,1,3,1,240,52,"10,23","14","16","13","11","14","14,75","13","9.333333","10.281667","12,09"
239,1,3,1,241,60,"15,74","16
","16,7","17","15","15,02","14,75","17",NULL,"14","14,33"
240,1,3,1,242,43,"11,34","8,1","13","11,9","9,65","11,2","14,75","11,9","6.4333334","9.386666","10,11"
241,1,4,1,243,50,"12,51","13","13","12,55","8,62","16,46","14,75","12,55","13.433333","13.471666","13.72"
242,1,0,1,244,0,"1,46","0","4,2","7,8","1,5","0","14,75","7,8",NULL,"8","-"
243,1,2,1,245,48,"12,36","4,88","9,6","14,9","13","8,03","14,75","14,9","14.216666","13.788333","11,03"
244,1,1,1,246,30,"11,77","14","14","14,05","12","12","14,75","14,05","14.283334","13.526667","12,38"
245,1,1,1,247,40,"10,66","12","15","11,5","13","12","14,75","11,5","12.583333","12.121667","11,92"
246,1,1,0,248,48,"11,55","10.9
8","9,9","10","11","10,71","14,75","10","11.583333","12.066667","9,33"
247,1,3,1,249,47,"11,02","12","12","14","2","15","14,75","14","9","10.51","12,02"
248,1,3,1,250,41,"10,76","4,5","15,3","8,6","9,65","7,75","14,75","8,6","4.0833335","7.9216666","10"
249,1,4,1,251,48,"11,76","11","14","10,85","9,82","9,61","14,75","10,85","13.2","12.98","13.18"
250,15,3,0,252,43,"11,78","8,72","12,4","14,2","9,02","9","14,75","14,2","5.9066668","9.343333","8,28"
251,0,2,0,253,50,"11,66","12,7","10,4","10,6","9,4","10,11","14,75","10,6","11.583333","12.121667","9,06"
252,1,4,1,254,50,"12,07","9,55","8,9","16","12","11,7","14,75","16.6
5","13.48","11.8116665","10,77"
253,1,3,1,255,55,"12,18","11","12.3
5","14,17","10,02","13,91","14,75","14,17","8.303333","10.741667","12,36"
254,1,2,1,256,36,"10,62","9","3","9","15","9","14,75","9","12.916667","11.768333","11,08"
255,1,3,23,257,39,"10,55","12","14","15","3","16","14,75","15","9.333333","10.441667","9,94"
256,1,3,1,258,55,"11,32","4,4","14","10,95","10,75","10,51","14,75","10,95","4.97","8.645","10,61"
257,1,3,1,259,47,"10,23","8","16","10","4","12","14,75","10","6.6666665","8.948334","12,06"
258,1,3,1,260,53,"11,74","15,4","12","10","12.9
2","8,3","14,75","10","7.9","10.32","13,24"
259,1,2,1,261,53,"10,82","10","10","10,7","10","9,06","14,75","10,7","11.816667","11.818334","12,03"
260,1,2,1,262,60,"12,59","12.","13,1","13,67","11,2","13,51","13","13,67","12.623333","13.106667","11,88"
261,1,3,0,263,32,"10","9,42","12,9","10,22","7,85","12,61","13","10,22","7.3433332","9.171667","9,88"
262,15,3,23,264,5,"10,24","0","5","0","4","3","13","0","1","6.12","1,04"
263,1,3,0,265,58,"12,62","11,8","10","13,2","13","8,11","13","13,2","6.636667","10.128333","9,06"
264,1,1,1,266,46,"10,85","9,62","8,7","11,2","10","8,15","13","11,2","11.8","11.825","10,66"
265,1,2,1,267,60,"12,29","6","6","14","12","6","13","14","13","13.145","12,84"
266,1,3,0,268,60,"10,25","7","15","8,5","15","7","13","8,5","4.6666665","7.9583335","13,02"
267,0,0,0,269,0,"0","0","0","0","0","0","13","0",NULL,"3","-"
268,1,1,1,270,60,"16,1","14,8","18,6","17,38","14,12","17,87","13","17,38","15.92","16.51","16,25"
269,1,1,1,271,50,"12,44","6,3","13","10,5","12","13","13","10,5","11.333333","12.386666","11,06"
270,1,1,1,272,60,"14,23","16,7","15,5","14,9","15","13,89","13","14,9","14.266666","14.748333","14,11"
271,1,4,1,273,50,"11,61","11,3","13,1","7,8","11","9,78","13","7,8","13.48","9.736667","10,11"
272,1,4,1,274,55,"13,04","12","16.5
5","12,02","11,72","15,53","13","12,02","12.88","13.46","14.4"
273,1,4,1,275,58,"12,94","11,5","14,1","14,4","11","9,04","13","14,4","13.48","12.79","10,11"
274,1,1,1,276,45,"11,25","3,9","10,9","14,85","8,6","10,03","13","14,85","14.233334","13.241667","12,46"
275,1,1,1,277,50,"13,44","14","16","13","11","14","13","13","13","13.72","12,75"
276,1,2,1,278,46,"12,36","4","5","12","11","4","13","12","12","12.68","12,19"
277,1,4,1,279,50,"11,43","12,3","13","9,65","10","10,91","13","9,65","13.48","9.736667","11,22"
278,0,0,0,280,48,"11,04","9,82","9,15","10","11","9,37","13","10.4
5",NULL,NULL,"11,11"
279,1,2,1,281,55,"11,23","11","10,5","10,9","9,95","11,48","13","10,9","11.283334","11.756667","12,03"
280,1,3,0,282,55,"11,52","12","8,2","12,8","10","10,14","13","12,8","7.38","9.95","9,66"
281,1,4,1,283,56,"12,36","6,5","11","8","14","7,25","13","8","10.666667","12.013333","13,08"
282,1,3,1,284,60,"15,27","17","18,1","14,1","14","15,4","13","14,1","10.8","13.535","14,11"
283,1,3,23,285,26,"10,26","6,2","14","17,5","16","8","13","17,5","4.733333","7.9966664","8,56"
284,1,3,0,286,45,"11,82","10","14,8","12,25","11,05","8,95","13","12,25","6.3166666","9.568334","10,56"
285,1,3,1,287,60,"12,08","13","11.2
7","14,4","12","10,64","13","14,4","7.88","10.48","12,88"
286,1,3,1,288,48,"12,04","10","1","11,95","9,1","9,22","13","11,95","6.4066668","9.723333","11,28"
287,1,4,1,289,53,"11,94","6,77","11","15,1","10,8","9,62","13","15,1","13.033334","12.986667","13.52"
288,1,3,1,290,52,"12,18","13","12","8,35","11,2","13,93","13","8,35","8.976666","11.078333","10,83"
289,1,2,1,291,60,"13,37","11","12","15,7","10","12,36","13","15,7","12.9","13.635","12,11"
290,1,2,0,292,38,"10,56","5,82","13,1","9,75","10","7,11","13","9,75","10.916667","11.238334","9,2"
291,1,1,1,293,60,"13,08","10","16,9","12","12,02","14,03","13","12","12.333333","13.206667","13,5"
292,1,4,0,294,56,"11,42","14,7","11","10","12.8
2","8,27","13","10","11.333333","11.876667","9,2"
293,1,2,1,295,58,"12,61","11","13","14,7","13.3
8","11,26","13","14,7",NULL,"4","11,02"
294,1,3,1,296,38,"10,3","5","13","16,25","12","9","13","16,25","4.6666665","7.983333","10,3"
295,1,4,1,297,50,"11,64","11","13","10","12.0
5","8,77","13","10","12","12.32","12,05"
296,1,2,1,298,48,"11,94","11","14","12","13,2","8,8","13","12","12.733334","12.836667","12,67"
297,1,2,1,299,60,"12,62","10","12,6","14,95","12,3","12,31","13","14,95","13.416667","13.518333","12,33"
298,1,4,1,300,53,"12,62","12","11","15,3","10,7","9,94","13","15,3","13.1","13.36","12,88"
299,1,2,0,301,32,"9,82","12","7,9","11","9,08","3,68","13","11","11.026667","10.423333","9,22"
300,1,2,1,302,37,"11,18","8,62","17","12","9,38","6,59","13","11","11.126667","11.653334","11,8"
301,1,4,1,303,42,"11,92","9,38","13","8,72","10,02","11,47","13","8,72","11.573334","12.246667","13.07"
302,1,2,1,304,45,"10,5","3,7","10","9,1","10","5,85","13","9,1","10.7","11.1","10,22"
303,1,3,0,305,42,"10,86","3,8","10","13,82","10,1","10,91","13","13,82","4.903333","8.381667","9,52"
304,1,4,1,306,55,"12,54","9,02","14","13,52","10,52","14,58","13","13,52","13.506667","13.523334","12.96"
305,1,4,1,307,60,"13,02","4,5","12","10","15","8,5","13","10","11.666667","12.843333","13,97"
306,1,2,1,308,53,"11,75","10","15,5","10,7","10,2","7,45","13","10,7","11.3","12.025","11,14"
307,1,1,1,309,50,"12,45","12","12","14","2","15","13","14","13.666667","13.558333","12,18"
308,1,3,1,310,60,"12,98","15","15","14,35","10,2","12,67","13","14,35","9.223333","11.601666","13,77"
309,1,4,1,311,50,"12,33","5","12","10,5","16","14,3","13","10,5","11.833333","12.581667","12,17"
310,1,2,1,312,58,"12,14","5","14","12","1","5","13","12","8.666667","10.903334","12,57"
311,1,2,1,313,58,"12,2","10","12","12,9","14","7,51","13","12,9","13.3","13.25","12,11"
312,1,3,1,314,56,"12,24","12","12","14,23","12","10","13","14,23","7.3333335","10.286667","12,52"
313,1,2,1,315,35,"10,66","11,2","15,3","9,2","7,98","9,18","13","9,2","10.06","10.86","10,11"
314,1,3,1,316,43,"10,66","9,35","8,6","8","10,7","10,83","13","8","6.7266665","9.193334","11,42"
315,1,3,1,317,45,"11,97","13","15,3","11,38","9,15","10,16","13","11,38","7.72","10.345","10,04"
316,15,2,0,318,50,"11,64","10","11,4","9,75","13","8,18","13","9,75","11.916667","12.278334","10,33"
317,15,2,0,319,45,"10,98","9,32","11.8
2","10","9,2","8,27","13","10","10.733334","11.356667","9,33"
318,1,2,1,320,48,"11,3","9,98","11","12,1","11,58","8,05","13","12,1","12.226666","12.263333","10,66"
319,1,2,1,321,50,"11,27","5,4","11,5","15,82","12,72","11,27","13","15,82","13.846666","13.058333","11,03"
320,1,3,0,322,33,"10,31","3,18","9,65","9,68","8,9","10,65","13","9,68","4.61","7.96","8,51"
321,1,1,1,323,40,"10,23","12","14","15","3","16","13","15","14.333333","12.781667","11,91"
322,1,3,1,324,51,"12,33","8,5","11","11","4","4","13","11","4.1666665","8.748333","12,73"
323,0,3,0,325,44,"10,8","12,3","16","10,18","10,27","10,69","13","10,18","7.6633334","9.731667","9,06"
324,1,4,1,326,48,"10,97","8,48",NULL,NULL,NULL,"7,62","13",NULL,"4.3333335","7.6516666","11.93"
325,1,3,23,327,25,"10,25","7,5","12","12","12","5","13","12","4.1666665","7.7083335","9,3"
326,1,4,0,328,58,"11,86","11","11","14","10","7,64","13","14","12.666667","12.763333","11,1"
327,1,3,1,329,46,"10,25","10","13","10","13","6","13","10","5.3333335","8.291667","11,35"
328,1,4,1,330,50,"11,38","10","7,5","10,8","11,8","7","13","10,8","10.433333","11.406667","11,33"
329,1,4,1,331,58,"13,4","11,7","12,1","12","14","8,28","13","12","12.366667","13.383333","12,13"
330,1,1,1,332,45,"11,8","9,92","16,6","12,4","13,42","10,81","13","12,4","12.6","12.7","13,24"
331,1,2,1,333,60,"13,1","11","10,4","12,05","13,45","16,88","13","12,05","12.833333","13.466666","12,03"
332,1,3,0,334,38,"10,94","8,75","12","11,77","9,75","12,69","13","11,77","7.1466665","9.543333","9,06"
333,1,3,1,335,40,"10,22","10","10,9","11,5","9,2","8,99","13","11,5","6.33","8.775","10,66"
334,15,3,23,336,22,"10,14","0,44","0","4,25","2,25","7","13","4,25","2.48","6.81","4,25"
335,1,3,1,337,33,"10,66","11","15","10","14","8","13","10","6.3333335","8.996667","10,74"
336,1,3,1,338,60,"12,94","11","14","10,02","11,6","12,01","13","10,02","7.67","10.805","11,72"
337,1,4,1,339,60,"13,38","12","14","11","12","11,17","13","11","12.666667","13.523334","13,94"
338,1,4,1,340,60,"12,79","13","12,4","13,67","12,87","12,81","13","13,67","13.023334","13.406667","13.3"
339,1,4,1,341,60,"14,02","12,5","14","16,8","13,85","14,05","13","16,8","14.6","14.81","14.77"
340,1,0,1,342,0,"0,12","0","0","1,4","0","0","13","1,4",NULL,NULL,"-"
341,1,4,1,343,48,"11,78","6,17","16","12,8","10","9,54","13","12,8","13.933333","13.356667","10,33"
342,1,4,0,344,48,"12,3","9,7","15","11","14,3","7,78","13","10","12.666667","12.983334","11,01"
343,1,4,1,345,58,"11,89","11,7","14,5","10,3","10","8,72","13","10,3","12.6","12.745","10,88"
344,1,4,1,346,53,"11,38","9,12","13","12,5","11","8,39","13","12,5","12.833333","12.606667","10,97"
345,1,3,1,347,51,"10,75","12","16","10","16","9","13","10","7","9.375","12,84"
346,1,4,1,348,45,"11,26","12","12","9,75","10","6,05","11,05","9,75","10.933333","11.596666","12,18"
347,1,4,1,349,58,"12,31","11,3","12,8","12,9","10","8,54","11,05","12,9","12.25","12.78","14,28"
348,1,3,23,350,12,"10,05","13","17","12","17","4,25","11,05","12","5.75","7.9","8,16"
349,1,3,1,351,41,"11,33","16,4","11","9,9","11","9,27","11,05","9,9","8.556666","10.443334","12,33"
350,1,4,1,352,32,"10,42","8,3","7,15","11,55","9,55","8,96","11,05","11,55","9.916667","10.668333","11.7"
351,1,1,1,353,30,"11,66","8","16","10","4","12","11,05","10","10.35","11.505","11,69"
352,1,3,0,354,36,"9,89","5,12","12,1","10,5","10","9,88","11,05","10,5","5","7.445","8,22"
353,0,3,0,355,43,"11,06","5,9","8,7","9,75","11","7,49","11,05","9,75","4.463333","8.261666","9,23"
354,0,0,0,356,0,"0,28","0","0","0","0","0,4","11,05","0",NULL,"3","-"
355,1,3,23,357,24,"10,04","7,5","18","7","13","5,23","11,05","7","4.2433333","7.141667","8,96"
356,1,3,1,358,38,"10,5","10","9,95","8,05","10","6,63","11,05","8,05","5.5433335","8.521667","10,2"
357,1,3,1,359,58,"12,7","10,8","15,5","10,6","11","11,78","11,05","10,6","7.5266666","10.613334","12,14"
358,1,2,1,360,52,"12,35","11","15,5","13,97","10,27","14,28","11,05","13,97","11.763333","12.556666","12,03"
359,1,3,1,361,33,"10,25","9,5","19","15","12","9,23","11,05","15","6.2433333","8.746667","10,25"
360,1,1,1,362,60,"13","10","14,1","15,52","12,08","11,93","11,05","15,52","14.03","14.015","14,04"
361,1,3,1,363,34,"10,36","6,5","11","8","14","7,25","11,05","8","4.5833335","7.971667","10,32"
362,1,3,1,364,50,"11,82","11","13","9,4","11","11,19","11,05","9,4","7.3966665","10.108334","12,38"
363,1,3,0,365,52,"12,14","11","14,6","13","8,12","16,3","11,05","13","9.1","11.12","9,84"
364,1,3,1,366,42,"10,96","6,15","8,7","13,2","12,25","8,73","11,05","13,2","4.96","8.46","12,88"
365,1,3,1,367,48,"11,8","7,45","9,95","15","12","8,28","11,05","15.0
5","5.2433333","9.021667","12,44"
366,1,3,0,368,42,"10,66","11","11","12.6
5","9,35","9,99","11,05","12.6
5","6.9966664","9.328333","9,33"
367,1,3,1,369,43,"10,82","13","12","6,2","8,02","8,07","11,05","6,2","7.0233335","9.421667","11,2"
368,1,3,1,370,60,"14,88","4,5","12","10","15","8,5","11,05","10","4.3333335","10.106667","14,98"
369,1,3,1,371,55,"13,19","10","11","13,6","12","7,19","11,05","13,6","5.73","9.96","12,44"
370,1,2,1,372,45,"11,06","0,52","11","15,17","11,38","5,05","11,05","15,17","12.533334","12.296667","11,06"
371,1,3,1,373,58,"12,53","12","11","10","12,1","9,65","11,05","10.9
5","7.2166667","10.373333","12,98"
372,1,3,0,374,53,"11,75","14,2","10","8,4","11","8,98","11,05","8,4","7.7266665","10.238334","9,44"
373,1,2,1,375,51,"12,61","2","13","14","13","2","11,05","14","12.683333","13.146667","13,26"
374,1,3,1,376,55,"11,86","10","12","12,1","10","10,08","11,05","12,1","6.693333","9.776667","10,69"
375,1,1,1,377,55,"13,25","18","16,9","14,3","9,85","11","11,05","14,3","13.216666","13.733334","13,22"
376,1,2,1,378,48,"12,02","7,12","14,6","14,7","10,22","9,91","11,05","14,7","11.99","12.505","12,44"
377,1,1,1,379,30,"11,55","9","13","9,5","17","3","11,05","9,5","10.016666","11.283334","11,52"
378,1,3,1,380,55,"11,64","11
","11,2","11,8","9,95","10,35","11,05","11,8","12","12.32","11,54"
379,1,2,1,381,28,"10,7","7,15","9,45","12,72","9,5","6,3","11,05","12,72","11.09","11.395","11,02"
380,1,1,1,382,35,"10,14","5,2",NULL,"9,98",NULL,NULL,"11,05","9,98","10.336667","10.238334","12,05"
381,1,1,1,383,39,"10,4","7,88",NULL,NULL,"8,18","9,06","11,05",NULL,"3.6833334","7.0416665","12,67"
382,1,1,0,384,40,"11,61","9,85","15.5
5","13,9","12","10,67","11,05","13,9","12.95","12.78","9,31"
383,1,3,23,385,29,"10,36","5","12","10,5","16","14,3","11,05","10,5","6.4333334","8.896667","9,52"
384,1,1,1,386,48,"11,22","10","12","12","13","8,54","11,05","12","11.683333","11.951667","11,22"
385,1,3,1,387,55,"13,79","17,2","16,2","13,65","12,12","15,74","11,05","13,65","10.98","12.885","12,88"
386,1,1,1,388,58,"12,52","11","14,9","11","11,6","8,2","11,05","11","11.016666","12.268333","12,03"
387,1,1,0,389,23,"9,4","7,5","10.9
5","9,65","7,2","5,96","11,05","9,65","10.116667","9.758333","9,22"
388,1,2,1,390,55,"12,4","3","15","12","14","3","11,05","12","12.35","12.875","12,93"
389,1,2,1,391,50,"11,17","2,7","10,7","16,42","10,55","8,75","11,05","16,42","12.673333","12.421667","11,22"
390,1,3,1,392,45,"12,66","12,8","12","12,85","9,4","15,26","11,05","12,85","9.353333","11.506667","11,8"
391,1,4,1,393,45,"11,09","5,95",NULL,NULL,"9,5","10,17","11,05",NULL,"3.6833334","7.386667","11.76"
392,0,1,0,394,48,"10,54","10","12","10","10","7,61","11,05","10","10.35","10.945","9,46"
393,1,3,1,395,33,"11,66","3","15","10","17","12","11,05","10","5","8.83","10,82"
394,1,4,1,396,57,"14,55","3","15","10","17","12","11,05","10","12.016666","13.783334","14,24"
395,1,1,1,397,60,"12,62","14","13.6
5","14","11.2
2","10,59","11,05","14","13.016666","13.318334","11,3"
396,1,1,0,398,0,"0,12","0","0","1,4","0","0","11,05","1,4","4.616667","2.3683333","-"
397,1,3,1,399,39,"10,5","6,45","11,1","13.0
5","8,45","8,95","11,05","13.0
5","5.133333","8.316667","10,33"
398,1,3,1,400,55,"12,23","10","15","10","9,27","10,59","11,05","10.3
5","6.863333","10.046667","12,5"
399,1,0,1,401,0,"0,57","0","0","1,4","0","2,52","11,05","1,4",NULL,NULL,"-"
400,1,4,1,402,57,"13,68","12","12,8","16,95","10,85","14,94","11,05","16,95","13.6","14.14","14.21"
401,1,3,23,403,38,"10,23","4","12","10,5","12","16","11,05","10,5","6.6666665","8.948334","9,62"
402,1,4,1,404,55,"13,6","9,67","12,6","13,7","12,72","15,73","11,05","13,7","12.45","13.525","14.12"
403,1,3,1,405,48,"11,3","14,7","15,2","7,15","11","8,15","11,05","7,15","7.616667","9.958333","10,32"
404,1,4,1,406,52,"12,7","9,1","12,6","14,35","12,82","13,83","11,05","14,35","12.666667","13.183333","12.64"
405,1,0,1,407,25,"8,98","4,82","8,7","5,7","9,1","7,2","11,05","5,7",NULL,NULL,"-"
406,15,3,0,408,39,"10,96","7,35","13,2","12,58","5,95","11,92","11,05","12,58","6.423333","9.191667","5,12"
407,15,3,0,409,60,"9,22","5,3","8,45","11,22","6,32","11,05","11,05","11,22","5.45","7.835","7,25"
407,1,3,0,409,32,"10,92","5,3","15,1",NULL,"9,48",NULL,"11,05",NULL,"1.7666667","6.3433332","8,23"
408,1,3,1,411,48,"13,07","15","15.1
5","12,8","11,67","13,55","11,05","12,8","9.516666","11.793333","13,06"
409,1,3,1,412,53,"11,71","10,9","11","13,4","11","8,22","11,05","13,4","6.3733335","9.541667","11,28"
410,1,3,1,413,60,"11,92","10.0
2","15","14,58","13","10,87","11,05","14,58","10","11.46","12,13"
411,1,3,1,414,28,"10,1","6,82","9,9","12,3","6,9","6,09","11,05","12,3","4.3033333","7.701667","13,77"
412,1,3,1,415,60,"14,02","13,7","15,7","10","13","13,12","11,05","10.0
5","8.94","11.98","13,25"
413,1,3,1,416,46,"11,55","12","13","12","14","12","11,05","12","8","10.275","12,03"
414,1,3,1,417,48,"14,02","11,3","15","15","12,85","13,59","11,05","15","8.296667","11.658334","13,94"
415,1,3,1,418,53,"11,65","10","10,2","13,2","10","8,57","9,75","13,2","6.19","9.42","13,46"
416,1,3,1,419,38,"11,09","14,2","14","8,95","8,15","8,94","9,75","8,95","7.713333","9.901667","10,33"
417,1,4,1,420,60,"12,75","12","10,5","15.4
5","13,2","10,29","9,75","15","11.75","12.75","12,03"
418,1,1,1,421,60,"12,39","9,15","16","11,27","12,4","7,84","9,75","11,27","10.763333","12.076667","14,31"
419,1,3,1,422,56,"11,88","14","14","14,25","12","2,25","9,75","14,25","5.4166665","9.148334","12,92"
420,1,4,1,423,55,"12,46","11,7","11,5","13,6","11,4","10,02","9,75","13,6","11.616667","12.538333","12,14"
421,1,4,1,424,35,"13,25","11","14","14,45","11,15","13,8","9,75","14,45","12.733334","13.491667","13.8"
422,1,3,0,425,53,"10,9","10,5",NULL,NULL,"11,23","9,73","9,75",NULL,"6.7433333","8.821667","8,08"
423,1,4,1,426,50,"11,75","12","8,25","14,4","8,52","10,52","9,75","14,4","10.8","11.775","11,02"
424,1,4,1,427,58,"12,64","11","16.0
5","12,3","10,5","9,38","9,75","12,3",NULL,NULL,"12,1"
425,1,2,1,428,45,"10,96","9,02","10,8","13,5","10,2","10,91","9,75","13,5","11.15","11.555","10,88"
426,1,3,1,429,55,"11,2","4,82","12,5","13,6","10,05","11,91","9,75","13,6","5.576667","8.888333","10,97"
427,1,4,1,430,50,"11,54","11,7","16,7","13","11","7,23","9,75","13","13.15","12.845","11,33"
428,1,4,0,431,38,"10,94","9,2","10,3","8,5","9,15","6,89","9,75","8,5","9.516666","10.728333","9,66"
429,1,3,1,432,60,"12,98","13,7","10","9,15","12,08","16,07","9,75","9,15","9.923333","11.951667","12,18"
430,1,4,0,433,43,"10,91","8,1","10","12,3","9,08","8,53","9,75","12,3","10.683333","11.296667","9,55"
431,1,3,1,434,60,"14,52","12,5","14","15,3","13,22","15,68","9,75","15,3","9.393333","12.456667","14,28"
432,1,4,0,435,38,"9,93","2,35","10,8","9,7","6,95","6,68","9,75","9,7","10.083333","10.006667","9,44"
433,1,4,1,436,60,"12,86","11","14","16","12,2","11,2","7,25","16","12.416667","13.138333","10,33"
434,1,3,1,437,32,"13,8","10","14,6","15,22","13,85","16,35","7,25","15,22","8.783334","11.791667","12,33"
435,1,4,1,438,24,"10,38","6,4","14.9
5","8,35","9,47","8,51","7,25","8,35",NULL,NULL,"10,33"
436,1,3,1,439,43,"11,56","16","11","15","11","3,12","7,25","15","6.3733335","9.466666","11,08"
437,1,2,1,440,45,"10,06","2,55","11,8","15,15","9,72","7,64","7,25","15,15","10.706667","10.883333","10,66"
438,1,4,1,441,35,"10,55","11","14","12,9","8,25","6,98","7,25","12,9","11.383333","11.466666","10,22"
439,1,3,1,442,38,"11,44","9,5","14","17","14","11","7,25","17","6.8333335","9.636666","10,08"
440,1,4,1,443,60,"12,94","15,7","10,6","15,3","11","10,21","7,25","15,3","11.05","12.495","12,94"
441,15,4,0,444,23,"9,2","0","7,35","3","
8","6,43","7,25","3","5.866667","7.5333333","8,25"
442,0,3,0,445,60,"11,42","11","10.9
5","11,98","10,62","16,84","7,25","11,98","9.28","10.85","9,23"
443,1,2,1,446,51,"11,63","12","14","12","18","12","7,25","12","12.416667","12.523334","12,92"
444,1,4,1,447,46,"10,75","8,3","10","14","10","7,73","7,25","14","10.416667","11.083333","10,75"
445,1,3,1,448,56,"14,56","10","12","12","12","12","7,25","12","7.3333335","11.446667","13,64"
446,1,4,1,449,55,"13,2","10","15,3","14,85","11,47","11,29","7,25","14,85","12.466666","13.333333","14.11"
447,1,2,1,450,48,"11,37","6,15","11,9","9,45","12","7,75","7,25","9,45","9.566667","10.968333","11,33"
448,1,2,1,451,55,"13,34","9,82","17,6","15,8","12,1","10,01","7,25","15,8","11.716666","13.028334","13,12"
449,1,2,1,452,51,"11,34","11","10","13","11","7,35","7,25","13","10.416667","11.378333","11,34"
450,1,2,1,453,58,"11,77","12","13","13,5","11","8,56","7,25","13,5","10.583333","11.676666","11,77"
451,1,3,1,454,37,"11,55","8","13","13","1","1","7,25","13","3","7.775","10,46"
452,1,4,1,455,53,"11,44","4","12","10,5","12","16","7,25","10,5","9.916667","11.178333","12,37"
453,1,3,1,456,39,"10,23","7","15","12,25","13","2","7,25","12,25","3","7.115","10,84"
454,1,2,1,457,60,"13,08","13,3","12","16","12","10,82","7,25","16","11.75","12.915","13,12"
455,1,3,1,458,38,"10,21","4","17","11,13","15","5","7,25","11,13","3","7.105","10,82"
456,1,2,1,459,58,"12,04","13","12","11","12","8,7","7,25","11","10.083333","11.5616665","12,03"
457,1,4,1,460,53,"12,34","9,98","12","16,25","11,35","11,26","7,25","16,25","11.833333","12.586667","12.82"
458,1,3,1,461,55,"11,71","10,2","12","16,25","10,12","13,04","7,25","16,25","7.7466664","10.228333","12,38"
459,1,2,1,462,43,"10,76","7,95","12","10","7,9","7,43","7,25","10","8.383333","10.071667","10,66"
460,1,2,1,463,31,"12,93","7,5","17,5","11,88","13,17","13,51","7,25","11,88","10.766666","12.348333","12,44"
461,1,4,1,464,50,"10,16","6,1","7,5","8,5","9,7","9,58","7,25","8,5","7.75","9.455","12.14"
462,1,3,1,465,33,"11,74","11,1","13.0
5","11,9","9,8","12,72","7,25","11,9","7.94","10.34","11,2"
463,1,2,1,466,36,"10,27","9,3","12","9,7","10","7,09","7,25","9,7","8.983334","10.126667","10,77"
464,1,4,1,467,60,"15,33","12","13","12","14","12","7,25","12","10.75","13.54","15,44"
465,1,2,1,468,47,"10,53","9,75","13,8","11,25","1","8,76","7,25","11,25","6.5","9.015","10,88"
466,1,2,1,469,43,"10,72","10","11,6","12","8,68","8,34","7,25","12","9.31","10.515","11,24"
467,1,3,23,470,32,"10,23","12","18","12,5","16","7","7,25","12,5","6.3333335","8.781667","9,79"
468,1,3,1,471,60,"10,78","10","11","10,85","11,75","11,91","7,25","10,85","7.3033333","9.541667","12,98"
469,1,2,0,472,30,"10,68","8,08","15,5",NULL,"9,08","4,44","7,25",NULL,"5.443333","8.0616665","9,44"
470,1,3,1,473,42,"11,46","10","16","14,25","17","8","7,25","14,25","6","9.23","11,42"
471,1,2,1,474,48,"10,94","11","12","13","11","7,57","7,25","13","10.416667","11.178333","10,75"
472,1,2,1,475,43,"11,58","9,42","10.7
5","13,7","8,08","7,66","7,25","13,7","9.676666","11.128333","12,234"
473,1,0,1,476,25,"8,8","4,68","10","5,6","8,55","6,13","7,25","5,6",NULL,NULL,"-"
474,1,2,1,477,48,"12,58","12
","9","12","13,3","8,1","7,25","12","10.85","12.215","13,04"
475,1,4,1,478,52,"9,33","14","14","14,25","12","2,25","7,25","14,25","11.833333","10.581667","11,66"
476,1,3,1,479,38,"13,84","12","15,6","15,85","11,27","14,83","7,25","15,85","8.943334","11.891666","10,69"
477,1,2,1,480,55,"11,92","11","12","12","8,02","10,11","7,25","12.6
5",NULL,NULL,"12,04"
478,1,1,1,481,46,"10,36","7","15","8,5","15","7","7,25","8,5","8.083333","9.221666","10,33"
479,1,2,1,482,43,"10,76","11","8,85","10","6,7","7,83","7,25","10","7.983333","9.871667","11,36"
480,1,3,1,483,55,"14,02","11","12","15,75","18","9","7,25","15,75","6.6666665","10.843333","13,7"
481,1,4,1,484,40,"10,71","7,63","14,1",NULL,"11,23","7,17","7,25",NULL,"7.116667","8.913333","12.12"
482,1,2,0,485,38,"10,4","4,12","11,2","13,3","8,15","7,8","7,25","13,3","9.566667","10.483334","9,66"
483,1,3,1,486,50,"13,03","14","14","14,05","12","12","7,25","14,05","8.666667","11.348333","12,87"
484,1,2,1,487,60,"13,48","16,6","14.8
5","15,9","11","10,95","7,25","15,9","11.383333","12.931666","14,14"
485,1,1,1,488,60,"14,02","6,2","14","17,5","16","8","7,25","17,5","14.083333","14.551666","13,05"
486,1,2,1,489,46,"11,24","11","12,2","13,3","11,4","9,45","7,25","13,3","10.65","11.445","12,12"
487,1,2,0,490,37,"11,45","12","12","14","16","12","7,25","14","12.416667","12.433333","10,5"
488,1,2,1,491,60,"14,6","18,4","16,4","15","14.6
5","14,03","7,25","15",NULL,NULL,"15,39"
489,1,3,0,492,47,"10,54","3,75","12.3
5","12,92","9,45","11,93","7,25","12,92","5.2266665","8.383333","9,31"
490,1,0,1,493,18,"6,9","7,88","7,55","3,2","5,02","2,86","7,25","3,2",NULL,NULL,"-"
491,1,2,1,494,45,"11,75","10","14.1
5","14","9,35","10,92","7,25","14","10.2","11.475","12,03"
492,1,2,1,495,33,"11,56","5,57","11.6
5","15,22","13,77","11,14","7,25","15,22","12.08","12.32","11,22"
493,1,4,1,496,40,"10,42","8,58","14","10,05","6,7","8,05","7,25","10,05","10.433333","10.926666","12.64"
494,1,3,1,497,40,"10,52","9,8","10","5,7","10,35","13,13","7,25","5,7","7.6433334","9.581667","11,52"
495,0,0,0,498,20,"5,98","0","1,5",NULL,NULL,NULL,"7,25",NULL,NULL,NULL,"-"
496,1,3,1,499,42,"11,26","11","14","9,55","9,72","10,54","7,25","9,55","7.18","9.72","10,8"
497,1,3,0,500,60,"11,8","8,72","12,5","12,9","8,77","12,73","7,25","12,9","7.15","9.975","9,78"
498,1,3,1,501,50,"13,25","12","15","11,5","13","12","7,25","11,5","8","11.125","12,77"
499,1,3,1,502,45,"14,52","14,1","12","15,2","11,72","16,62","7,25","15,2","10.24","12.88","13,55"
500,1,2,1,503,53,"11,68","12","13","11","8,32","9,62","7,25","11","8.856667","10.768333","11,23"
501,1,3,23,504,30,"10,15","6,3","13","10,5","12","13","7,25","10,5","6.4333334","8.291667","9,7"
502,1,1,1,505,55,"11,13","6,3","14","8,62","12,17","10,35","7,25","8,62","8.163333","10.146667","12,5"
503,1,2,1,506,50,"11,8","12","11","12,5","13","10,41","7,25","12,5","10.916667","11.858334","11,36"
504,1,2,1,507,30,"9,43","8,4","8,65","10","9,42","7,27","7,25","10","8.89","9.16","10,36"
505,1,1,1,508,46,"14,77","5","13","16,25","12","9","7,25","16,25","13.25","14.51","14,38"
506,1,2,1,509,48,"12,02","12,7","10","12,8","14","8,78","7,25","12,8","11.35","12.185","12,36"
507,1,1,1,510,40,"12,08","8,2","11,2","12,77","10,27","12,45","7,25","12,77","10.93","12.005","13,32"
508,1,3,1,511,37,"10,21","6,18",NULL,"12,5","7,88","6,63","7,25","12,5","4.27","7.24","10,32"
509,1,1,1,512,50,"12,36","12","12","14,23","12","10","7,25","14,23","11.903334","12.631667","12,07"
510,1,1,0,513,36,"10,64","8,38","9,05","11,8","9,6","8,18","7,25","11,8","10.283334","10.961667","9,26"
511,1,1,1,514,45,"10,7","4,12","12","10,05","10,4","8,31","7,25","10,05","9.116667","10.408334","12,56"
512,1,1,1,515,60,"13,34","11.6
7","16","13","14,7","11,66","7,25","13","11.083333","12.711667","13,12"
513,1,3,23,516,30,"10,23","14","16","13","11","14","7,25","13","9.333333","10.281667","9,86"
514,1,3,1,517,34,"10,23","12","12","14","2","15","7,25","14","9","10.115","10,56"
515,1,1,0,518,35,"10,61","9,08","11","7,45","8,65","10","7,25","7,45","7.383333","9.496667","9,94"
516,1,4,1,519,60,"15,33","16","11","15","11","3,12","7,25","15","11.083333","13.706667","15,54"
517,1,3,1,520,55,"11,07","8,75","14","11,7","10,48","8,89","7,25","11,7","5.88","8.975","11,28"
518,1,1,1,521,40,"10,26","7,32","11,4","7,4","11","5,82","7,25","7,4","7.35","9.305","10,23"
519,1,1,1,522,53,"11,53","13","10,3","7,02","11","8,95","7,25","7,02","7.096667","9.8133335","11,14"
520,1,3,1,523,60,"14,53","17,8","16,7","12,67","13,27","18,17","7,25","12,67","11.99","13.76","13,77"
521,1,1,1,524,45,"11,14","11,4","9,75","10","10,9
","8,92","7,25","10,2
",NULL,NULL,"11,12"
522,1,1,0,525,32,"10,05","9,35","8,6","8","10,7","10,83","7,25","8","7.75","9.4","9,84"
523,1,3,1,526,60,"13,4","12","14","11,1","13,25","15,94","7,25","11,1","9.3133335","11.856667","13,25"
524,1,3,1,527,50,"14,92","15,7","16","15,67","13,32","17,95","7,25","15,67","11.216666","13.568334","13,46"
525,1,2,1,528,50,"11,25","8,4","12","11,6","11,95","10,43","10,23","11,6","11.26","11.755","12,66"
526,1,3,1,529,58,"11,13","12,47","13,35","13,83","13,31","9,67","12,47","13,72","7.38","9.755","12,51"
527,1,3,1,530,32,"12,09","12,92","10,61","13,93","9,08","12,26","8,03","12,4","8.393333","10.741667","15,25"
528,1,3,1,531,48,"13,04","13,44","14,95","12,02","13,53","10,07","7,73","13,9","7.8366666","10.9383335","12,05"
529,1,3,1,532,56,"12,34","11,67","11,66","13,01","15,09","13,77","12,52","8,92","8.48","10.91","14,47"
530,1,3,1,533,41,"10,03","14,23","15,05","10,61","9,88","15,01","14,46","12.7
5","9.746667","10.388333","11,54"
531,15,3,0,534,48,"13,04","9,3","15,72","12,66","9,36","8,16","9","10,8","5.82","9.93","8,24"
532,1,3,1,535,41,"14,04","9,34","9,47","13,27","10,93","12,75","8,05","1","7.363333","11.201667","11,63"
533,15,3,0,536,42,"14,3","15,11","13,57","13,91","9,55","8,37","9,38","12,8","7.826667","11.5633335","8,36"
534,1,3,1,537,32,"15,94","10,02","10,17","10,59","13,7","9,72","4","11","6.58","11.76","14,59"
535,1,3,1,538,42,"9,55","15,59","10,75","8,73","14,5","13,54","13,26","7,27","9.71","9.63","13,75"
536,1,3,1,539,42,"9,22","15,79","9,42","9,48","12","14,96","9,08","14.9
5","10.25","9.735","15,19"
537,1,3,1,540,33,"11,29","10,61","11,11","13,73","9,43","14,89","6,96","11,9","8.5","10.395","12,2"
538,1,3,1,541,30,"10,33","9,43","10,03","15,77","15,1","14,69","11,93","15.2
5","8.04","9.685","15,37"
539,1,3,1,542,51,"12,85","9,02","12,54","14,37","14,52","11,37","12,07","13,15","6.7966666","10.323334","11,06"
540,1,3,1,543,42,"10,92","15,98","14,55","9,74","11,88","13,43","0","0","9.803333","10.861667","11"
541,1,3,1,544,49,"11,78","14,57","10,41","13,54","9,83","13,28","18,55","15,82","9.283334","11.031667","15,97"
542,15,3,0,545,49,"14,09","12,51","9,55","10,2","8,6","13,34","8,92","12,5","8.616667","11.853333","8,12"
543,1,3,1,546,43,"10,89","15,36","11,02","12,61","8,5","10,84","14,38","15,25","8.733334","10.3116665","12,79"
544,1,3,1,547,46,"9,87","15,21","9,08","9,6","12,98","13,31","10,04","13,8","9.506667","9.6883335","16,12"
545,1,3,1,548,40,"12,46","9,51","8,57","12,45","14,87","13,65","6,47","9,15","7.72","10.59","15"
546,1,3,1,549,38,"14,34","8,41","10,87","14,29","13,22","13,95",NULL,NULL,"7.4533334","11.396667","15,12"
547,15,3,0,550,36,"13,68","9,46","9,7","13,45","14,91","15,42","10,83","8","8.293333","11.486667","8,85"
548,15,3,0,551,36,"11,63","15,62","14,37","12,86","12,95","12,57","4","11","9.396667","11.013333","8,73"
549,1,3,1,552,31,"12,59","9,99","13,64","15,37","14,13","11,64","9,92","13,5","7.21","10.4","15,86"
550,1,3,0,553,54,"13,22","11,16","9,79","15,73","9,92","13,91","15","12","8.356667","11.288333","9,05"
551,1,3,1,554,58,"11,44","13,96","12,32","14,05","9,28","15,26","10,05","12,5","9.74","11.09","14,5"
552,1,3,1,555,46,"8,43","14,3","8,59","12,27","13,53","11,85","14,61","10,62","8.716666","8.573334","13,37"
553,1,1,1,556,59,"14,52","13,43","9,77","11,91","9,1","12,73","9,45",NULL,"7.12","11.32","11,49"
554,1,1,1,557,40,"14,39","13,15","12,41","13","14,8","9,93","5","12","10","12.695","13,82"
555,1,1,1,558,39,"11,71","9,92","12,41","15,41","15,74","12,23","9,36","9,25","11.34","12.025","11,45"
556,1,1,1,559,47,"13,16","9,94","9,11","14,67","9,12","13,87","6","10","10.223333","12.191667","11,32"
557,15,1,0,560,52,"9,19","10,9","11,7","13,38","10,97","15,3","9,48","14,1","12.32","10.755","8,5"
558,1,1,1,561,31,"10,46","15,07","13,81","15,86","13,72","9,9","10","12","12.62","12.04","15,4"
559,1,1,1,562,42,"14,18","10,18","15,25","13,08","8,15","8,38","8,31","8,75","10.046667","12.613334","10,96"
560,1,1,1,563,58,"11,89","12,19","15,99","10,18","12,85","9,31","9,53","13.8
5",NULL,NULL,"14,15"
561,1,1,0,564,55,"9,62","14,29","11,1","11,09","14,94","11,1","10,65","12","11.246667","10.433333","9,07"
562,1,1,1,565,51,"13,12","8,62","12,4","8,39","9,11","13,93","6,56","12,6","9.183333","11.651667","13,61"
563,1,1,1,566,30,"12,75","13,3","8,33","9,5","8,06","14,43","15,75","10","11.75","12.75","14,79"
564,1,1,1,567,30,"9,53","13,35","12,11","15,91","15,75","14,72","15,75","1,4","11.02","10.275","13,27"
565,1,1,1,568,57,"12,87","11,75","8,28","10,21","12,43","9,83","15,75","9,8","11.92","12.895","11,78"
566,1,1,1,569,30,"12,75","14,21","14,87","12,2","13,64","13,87","15,75","12.3
5",NULL,NULL,"14,71"
567,1,1,1,570,50,"12,28","11,97","9,87","11,28","13,25","12,05","15,75","13.0
5",NULL,NULL,"10,02"
568,1,1,1,571,60,"10,96","10,8","8,84","13,99","14,59","13,72","15,75","13","14.246667","13.103333","16,96"
569,1,1,1,572,40,"14,38","12,08","9,24","8,49","12,24","12,39","15,75","13","12.413333","13.896667","11,62"
570,1,1,0,573,41,"14,8","9,11","14,38","15,59","14,44","15,8","15,75","12,65","14.663333","15.231667","9,93"
571,1,1,1,574,45,"13,24","8,39","13,63","9,04","14,23","11,35","15,75","10,68","11.823334","13.031667","15,65"
572,1,1,1,575,36,"12,3","10,8","9,72","9,64","12,21","14,57","15,75","13,58","12.99","13.145","13,88"
573,15,1,0,576,45,"11,11","8,73","9,21","14,39","11,03","9,41","15,75","17","15.713333","13.911667","8,23"
574,15,1,0,577,35,"9,05","14,22","9,21","11,38","11,43","10,55","15,75","13.8
5",NULL,NULL,"8,5"
575,15,1,0,578,32,"14,7","13,27","9,14","12,44","10,13","15,11","15,75","15,1","14.43","15.065","8,64"
576,1,1,0,579,50,"11,95","15,41","10,66","12,49","15,44","11,3","15,75","9,82","12.6866665","12.818334","9,51"
577,1,1,1,580,58,"13,15","14,54","11,78","9,35","11,91","10,73","15,75","12","12.366667","13.258333","12,76"
578,15,1,0,581,43,"10,91","8,26","10,98","15,29","14,31","8,01","15,75","10","13.68","12.795","8,8"
579,1,1,0,582,53,"14,92","11,29","12,55","14,08","15,11","9,47","15,75","10","13.276667","14.598333","9,03"
580,1,1,1,583,60,"10,46","12,43","11,23","10,03","12,51","9,01","15,75","11,75","12.51","11.985","13,08"
581,1,1,0,584,42,"11,91","12,22","13,55","15,33","14,39","10,2","15,75","13","14.693334","13.801666","9,32"
582,1,1,1,585,40,"15,89","8,25","9,15","10,55","8,54","15,94","15,75","14","13.433333","15.161667","10,3"
583,1,1,1,586,32,"12,36","14,05","14,28","10,11","14,74","14,91","15,75","8,55","11.47","12.415","15,33"
584,1,1,1,587,58,"15,41","8,75","9,73","14,28","8,23","10,72","15,75","12","14.01","15.21","16,47"
585,1,1,1,588,36,"14,81","13,57","11,72","9","13,01","14,23","15,75","10","11.583333","13.696667","16,63"
586,1,1,1,589,47,"9,29","10,85","9,29","10,55","8,9","9,77","15,75","10,8","12.366667","10.828333","15,51"
587,1,1,0,590,37,"12,38","14,75","8,45","15,21","12,6","8,85","15,75","12,42","14.46","13.92","9,61"
588,1,1,1,591,56,"12,94","8,56","11,21","13,39","11,68","9,13","15,75","11","13.38","13.66","16,54"
589,1,1,0,592,42,"14,38","15,22","8,45","10,97","14,22","12,74","15,75","12","12.906667","14.143333","9,67"
590,1,1,1,593,38,"11,95","14,44","10,51","14,96","14,73","9,39","15,75","14,6","15.103333","14.026667","11,44"
591,1,1,0,594,42,"10,37","10,73","8,45","15,89","15,68","10","15,75","15","15.546667","13.458333","9,91"
592,1,1,1,595,36,"10,67","15,31","12,52","9,72","9,21","11,65","15,75","12,27","12.58","12.125","16,94"
593,1,1,1,596,59,"11,41","13,36","9,84","10,54","10,09","13,7","15,75","8,45","11.58","11.995","12,69"
594,1,1,1,597,35,"12,85","10,11","15,11","8,18","14,68","13,13","15,75","15","12.976666","13.413333","14,62"
595,1,1,1,598,53,"10,78","10,49","9","12,62","8,75","15,61","15,75","13,75","14.04","12.91","14,71"
596,1,1,1,599,44,"11,86","9,58","12,26","10,23","12,88","9,23","15,75","10,7","12.226666","12.543333","12,12"
597,1,1,1,600,52,"13,45","15,34","15,62","13,23","12,02","8,21","15,75","13,1","14.026667","14.238334","11,75"
598,1,1,1,601,38,"14,74","15,72","15,98","9,88","11,48","8,85","15,75","10","11.876667","13.808333","12,27"
599,1,1,1,602,49,"10,23","14,42","8,2","13,05","9,86","10,85","15,75","12,5","13.766666","12.498333","10,99"
600,1,1,1,603,37,"9,24","14,29","9,72","12,06","9,57","9,86","15,75","11,62","13.143333","11.191667","10,85"
601,1,1,1,604,37,"9,52","10,7","8,07","15,85","14,94","15,25","15,75","8,45","13.35","11.435","12,52"
602,1,1,1,605,54,"14,69","10,93","12,36","10,07","11,05","12,16","15,75","14","13.273334","14.481667","15,82"
603,15,1,0,606,54,"13,3","8,79","8,52","14","13,14","12,09","15,75","7","12.25","13.275","8,14"
604,1,1,1,607,39,"12,12","13,3","11,49","9,62","10,3","11,57","15,75","8,95","11.44","12.28","13,48"
605,1,1,1,608,32,"10,17","15,94","12,56","15,06","10,27","11,24","15,75","13,77","14.86","13.015","10,65"
606,1,1,1,609,57,"12,93","15,92","12,37","15,03","14,72","8,39","15,75","9,1","13.293333","13.611667","14,75"
607,1,1,1,610,37,"14,41","8,45","13,33","10,51","10,86","12,73","15,75","15","13.753333","14.581667","16,1"
608,1,1,1,611,49,"12,16","8,28","9,75","8,91","9,38","15,11","15,75","15","13.22","13.19","13,83"
609,1,1,1,612,34,"12,65","10,8","9,36","13,14","11,28","8,99","15,75","13,15","14.013333","13.831667","12,44"
610,1,1,1,613,54,"10,13","15,75","14,43","15,78","8,58","12,97","15,75","13","14.843333","12.986667","16,35"
611,1,1,1,614,51,"10,35","13,33","13,53","12,86","9,83","11,87","15,75","11,5","13.37","12.36","11,57"
612,1,1,1,615,33,"11,78","10,79","13,77","11,02","8,86","8,45","15","8,3","11.44","12.11","10,35"
613,1,1,1,616,44,"11,92","9,49","12,63","12,26","9,49","12,07","15,75","10,8","12.9366665","12.928333","15,86"
614,15,1,0,617,37,"11,86","12,91","12,77","15,91","10,76","15,64","15,75","10,25","13.97","13.415","8"
615,15,1,0,618,55,"10,47","10,15","8,58","8,35","14,74","8,8","15,75","8,52","10.873333","11.171667","8,05"
616,1,1,1,619,47,"15,68","10,99","8,41","15,28","15,61","14,37","15,75","15","15.343333","16.011667","14,47"
617,1,1,1,620,56,"11,85","11,15","14,67","8,92","9,52","8,8","15,75","9,47","11.38","12.115","14,2"
618,1,1,1,621,42,"13,45","13,35","11,1","11,1","8,51","12,68","15,75","13.1
5",NULL,NULL,"13,03"
619,1,1,1,622,40,"12,07","9,17","14,18","12,93","8,63","12,65","15,75","13","13.893333","13.481667","13,56"
620,1,1,1,623,55,"12,19","9,31","15,19","12,32","15,26","10,87","15,75","10","12.69","12.94","15,9"
621,1,1,1,624,40,"15,5","9,79","13,32","8,41","15,25","8,64","15,75","10,15","11.4366665","13.968333","15,72"
622,1,1,1,625,49,"12,56","11,71","12,8","11,68","14,8","12,13","15,75","8","11.81","12.685","16,57"
623,1,1,1,626,60,"12","15,93","11,98","8,95","15,7","12,95","15,75","13","12.566667","12.783334","12,22"
624,1,1,1,627,34,"11,6","9,82","14,55","9,37","10,84","10,64","15,75","6,75","10.623333","11.611667","10,2"
625,1,1,1,628,42,"13,86","12,58","12,27","11,98","12,1","11,22","15,75","12,95","13.56","14.21","12,34"
626,1,1,1,629,59,"15,05","15,25","10,92","13,42","13,32","11,78","15,75","12.2
5",NULL,NULL,"10,63"
627,1,1,1,630,53,"12,92","8,71","10,94","8,95","10,5","10,24","15,75","16,25","13.65","13.785","12,04"
628,1,1,1,631,56,"14,97","12,65","9,3","9,02","8,26","11,28","15,75","6,8","10.523334","13.246667","10,87"
629,1,2,1,632,38,"10,41","15,75","9,94","12,03","10,38","9,93","15,75","11.4
8",NULL,NULL,"15,49"
630,1,2,1,633,35,"9,39","9,61","15,45","12,48","15,57","11,42","15,75","12","14.44","11.915","12,84"
631,1,2,1,634,54,"15,63","8,7","11,19","15,94","10,78","15,34","15,75","9,75","12.093333","14.361667","14,36"
632,1,2,0,635,58,"13,96","13,53","13,94","15,46","12,25","8,67","15,75","10","12.666667","13.8133335","9,33"
633,1,2,1,636,55,"10,4","10,01","13,01","11,92","9,6","14,12","15,75","15,6","13.65","12.525","11,82"
634,1,2,1,637,38,"8,77","8","9,33","9,58","15,45","8,98","15,75","12,25","14.483334","11.626667","11,53"
635,1,2,0,638,41,"13,66","12,91","10,64","15,77","12,74","14,44","15,75","14,27","14.253333","14.456667","9,78"
636,1,2,1,639,46,"10,82","14,81","11,29","11,68","10,06","11,2","15,75",NULL,"8.603333","10.211667","14,18"
637,1,2,1,640,52,"12,57","12,7","15","8,82","10","9,96","15,75","4,75","10.166667","11.868333","15,26"
638,15,2,0,641,34,"12,39","8,65","14,74","11,34","15,6","9,63","15,75","10","13.783334","13.586667","8,37"
639,1,2,1,642,55,"10,72","10,14","14,46","8,21","11,55","12,06","15,75","14,85","14.05","12.885","13,2"
640,1,2,1,643,40,"12,55","15,71","11,89","10,3","9,54","10,67","15,75","8,45","11.246667","12.398334","16,04"
641,15,2,0,644,60,"14,1","15,21","15,07","11,99","10,57","15,19","15,75","10","12.106667","13.603333","8,58"
642,1,2,1,645,44,"11,92","12,4","10,74","10,17","8,73","12,79","15,75","10,5","11.66","12.29","15,08"
643,1,2,1,646,55,"12,32","12,55","10,05","11,85","11,81","11,97","15,75","16,6","14.72","14.02","12,3"
644,1,2,1,647,50,"15,36","11,72","10,22","12,59","8,12","11,29","15,75","12","11.956667","14.158334","16,58"
645,1,2,1,648,59,"11,39","10,75","8,38","8,71","11,78","9,89","15,75","10","12.51","12.45","10,38"
646,1,2,1,649,40,"9,35","10,68","14,95","13,06","13,81","13,22","15,75","10,2","13.253333","11.301666","12,31"
647,1,2,1,650,41,"13,82","10,18","14,73","13,61","9,78","12,14","15,75","12","12.51","13.665","15,63"
648,1,2,1,651,51,"11,72","8,7","10,12","14,45","12,59","8,57","17,25","14,1","14.646667","13.683333","11,87"
649,1,2,1,652,31,"13,88","15,24","13,07","13,29","8,63","9,74","17,25","14,7","13.526667","14.203333","15,49"
650,1,2,1,653,32,"12,83","11,22","9,38","9,19","11,7","9,77","17,25","10","12.983334","13.406667","13,36"
651,1,2,1,654,36,"9,44","9,62","11,58","12,65","14,04","8,39","17,25","15,35","15.546667","12.493333","14,57"
652,1,2,0,655,35,"12,64","9,52","10,07","15,86","10,23","10,76","17,25","14,15","13.876667","13.758333","9,05"
653,1,2,1,656,33,"9,91","10,6","13,94","9,74","14,72","13,89","17,25","8,65","13.54","11.725","15,95"
654,1,2,1,657,52,"15,75","13,87","10,66","9,77","10,1","8,95","17,25","12,9","13.416667","15.083333","13,92"
655,1,2,1,658,41,"15,71","14,97","9,16","13","14,28","8,99","17,25","9,05","13.526667","15.118333","13,99"
656,1,2,1,659,50,"14,23","8,56","13,81","11,33","10,13","9,71","17,25","10,5","12.626667","13.928333","10,27"
657,15,2,0,660,47,"12,53","15,19","12,01","13,34","8,28","9,69","17,25","9,8","11.776667","12.653334","8,07"
658,1,2,1,661,48,"10,54","12,94","11,83","13,18","9,49","8","17,25","12","12.913333","12.226666","12,53"
659,1,2,1,662,38,"12,09","11,77","9,98","9,97","11,83","10,53","17,25","12,97","14.016666","13.553333","16,03"
660,1,2,1,663,35,"11,89","13,11","14,82","14,09","12,08","9,45","17,25","7","12.11","12.5","12,37"
661,1,2,1,664,51,"14,26","12,23","14,75","8,81","11,08","9,31","17,25","9,55","12.626667","13.943334","13,12"
662,1,2,1,665,36,"14,03","15,46","12,52","10,95","12,2","8,41","17,25","14,1","14.516666","14.773334","11,95"
663,1,2,1,666,39,"10,07","14,52","10,45","10,86","8,67","14,22","17,25","11,5","12.473333","11.771667","14,89"
664,1,2,1,667,52,"13,43","11,26","13,94","9,43","14,83","9,91","17,25","7,45","13.176666","13.803333","16,29"
665,1,2,0,668,34,"12,66","9,72","10,84","13,28","15,53","13,48","17,25","11,4","14.726666","14.193334","9,05"
666,1,2,1,669,43,"11,71","15,21","11,16","12,8","14,56","8,92","17,25","12","14.603333","13.656667","13,99"
667,1,2,1,670,40,"11,91","10,75","15,15","15,53","15,16","8,14","17,25","13,25","15.22","14.065","11,02"
668,1,2,1,671,41,"11,8","8,51","15,97","14,6","13,19","8,04","17,25","7,4","12.613334","12.706667","15,25"
669,1,2,1,672,42,"9,84","15,41","13,16","8,51","13,37","13","17,25","9,7","13.44","11.64","16,44"
670,1,2,1,673,40,"14,73","9,73","15,79","15,88","14,39","15,84","17,25","15,68","15.773334","15.751667","11,36"
671,1,2,0,674,45,"14,86","10,15","13,29","13,48","13,8","14,89","17,25","8,4","13.15","14.505","9,27"
672,1,2,1,675,60,"13,29","15,05","12,15","8,85","11,39","8,04","17,25","8,77","12.47","13.38","15,68"
673,1,2,1,676,30,"15,51","12,61","10,97","13,33","11,02","10,16","17,25","10,1","12.79","14.65","15,69"
674,1,2,1,677,57,"13,63","13,81","11,39","15,36","9,92","10,01","17,25","7,25","11.473333","13.051666","10,35"
675,1,2,1,678,46,"13,11","10,29","10,29","14,24","15,9","15,29","17,25","16,4","16.516666","15.3133335","12,16"
676,1,2,1,679,30,"14,04","9,14","14,34","9,23","15,39","8,53","17,25","13,1","15.246667","15.143333","15,88"
677,1,2,0,680,44,"12,88","11","10,4","8,51","12,41","12,79","17,25","14,3","14.653334","14.266666","9,04"
678,1,2,1,681,47,"15,15","11,45","9,21","13,64","13,47","15,41","17,25","12","14.24","15.195","13,71"
679,1,2,1,682,58,"13,38","12,88","10,33","13,9","11,89","14,85","17,25","7,9","12.346666","13.363334","12"
680,1,2,1,683,57,"12,01","8,03","10,78","14,51","11,68","13,69","17,25","13,6","14.176666","13.593333","14,54"
681,1,2,0,684,40,"10,05","15,68","9,03","15,33","11,31","11,25","17,25","10","12.853333","11.951667","9,71"
682,1,2,1,685,38,"11,53","12,21","15,1","11,86","14,45","12,75","17,25","14","15.233334","13.881667","15,31"
683,1,2,1,686,55,"12,25","11,13","8,73","9,6","12,62","14,19","17,25","14.6
5",NULL,NULL,"11,68"
684,1,2,0,687,34,"14,31","13,78","15,87","8,54","9,47","13,41","17,25","13.2
5",NULL,NULL,"9,41"
685,1,2,1,688,47,"11,02","14,83","9,6","10,91","14,11","9,82","17,25","6,5","12.62","12.32","13,07"
686,1,2,1,689,35,"14,02","8,99","14,23","9,76","12,08","11,78","12,5","13","12.526667","13.773334","11,68"
687,1,2,1,690,34,"9,09","12,32","9,87","10,78","15,16","14,23","12,5","15,97","14.543333","11.816667","14,78"
688,1,2,1,691,58,"15,8","9,01","11,75","9,22","14,56","10,62","-",NULL,NULL,NULL,"15,72"
689,1,2,0,692,48,"9,96","14,98","8,31","12,51","13,95","11,6","14,75","14","14.233334","12.096666","9,7"
690,1,2,1,693,57,"14,17","12,8","11,76","9,32","13,42","15,5","14,75","11.9
5",NULL,NULL,"11,36"
691,15,2,0,694,38,"13,33","12,32","13,2","15,96","10,25","11,67","14,75","11.3
5",NULL,NULL,"8,3"
692,1,2,1,695,40,"15,08","11,16","11,62","13,07","11,54","11,94","14,75","15","13.763333","14.921667","14,32"
693,1,2,1,696,44,"11,35","14,04","8,57","10,5","13,78","12,9","14,75","16,78","15.103333","13.726666","13,8"
694,1,2,1,697,47,"13,97","11,62","13,01","11,12","14,37","13,57","14,75","3,4","10.84","12.905","13,82"
695,1,2,1,698,53,"12,66","10,71","10,25","15,14","15,46","15,15","14,75","13,1","14.4366665","14.048333","15,37"
696,1,2,1,699,35,"11,97","9,24","12,22","9,98","8,21","8,84","14,75","10","10.986667","11.978333","13,07"
697,1,2,1,700,52,"11,71","9,18","9,05","13,49","9,26","13,18","14,75","9,98","11.33","12.02","11,3"
698,1,2,1,701,48,"13,07","11,92","12,77","14,83","10","11","14,75","17","13.916667","13.993333","13,2"
699,1,2,1,702,32,"9,61","8,65","12,6","15,64","9,45","12,18","14,75","12,87","12.356667","10.983334","13,14"
700,1,2,1,703,34,"11,6","11,1","12,82","14,09","8,16","11,54","14,75",NULL,"7.636667","10.118333","16,24"
701,1,2,1,704,58,"13,71","10,85","11,4","11,22","11,44","8,76","14,75","1","9.0633335","11.886666","13,2"
702,1,2,1,705,43,"15,87","9,66","15,01","11,15","9,43","15,11","14,75","14,35","12.843333","14.856667","15,99"
703,1,2,1,706,32,"10,97","13,69","11,95","12,36","12,82","10,96","14,75","11,67","13.08","12.525","11,21"
704,1,2,1,707,46,"9,78","15,97","11,72","9,84","10,16","10,68","14,75","13","12.636666","11.208333","13,19"
705,1,2,1,708,37,"9,98","11,36","8,03","10,59","14,91","15,78","14,75","13,58","14.413333","12.196667","11,04"
706,15,2,0,709,54,"14","12,58","11,97","10,42","12,31","9,97","14,75","10","12.353333","13.676666","8,13"
707,1,2,1,710,31,"13,37","10,51","11,81","10,59","14,74","9,64","14,75","13.2
5",NULL,NULL,"12,88"
708,1,2,1,711,37,"13,2","12,34","13,65","14","15,92","13,69","14,75","12,05","14.24","14.22","16,68"
709,1,2,1,712,45,"9,49","14,51","12,74","10,18","12,27","15,5","14,75","16,5","14.506667","11.998333","14,92"
710,1,2,1,713,34,"14,33","10,12","10,8","9,8","11,01","13,48","14,75","12,25","12.67","14","10,39"
711,1,2,0,714,41,"12,2","9,03","9,4","11,99","11,11","11,22","14,75","9,3","11.72","12.46","9,32"
712,1,2,1,715,35,"10,27","9,9","13,68","9,5","11,59","11,04","14,75","12,3","12.88","12.075","15,35"
713,1,2,1,716,59,"13,1","10,09","15,49","8,73","14,34","13,42","14,75","6,3","11.796667","12.948334","10,39"
714,1,2,1,717,30,"10,36","12,52","11,28","15,34","12,86","15,24","14,75","11,13","12.913333","12.136666","12,57"
715,1,2,1,718,42,"12,41","12,56","11,46","11,26","13,5","14,97","14,75","10,47","12.906667","13.158334","16,98"
716,1,2,1,719,44,"11,81","12,4","14,2","12,53","9,31","12,6","14,75","11,13","11.73","12.27","14,55"
717,15,2,0,720,60,"13,55","11,26","10,3","8,2","13,46","10,38","14,75","8,35","12.1866665","13.368333","8,49"
718,1,2,1,721,52,"14,72","8,38","14,65","10,8","10,5","10,19","14,75","12","12.416667","14.068334","10,55"
719,1,2,1,722,59,"11,69","14,19","10,63","12,64","11,92","15,84","14,75","11,88","12.85","12.77","11,54"
720,1,2,1,723,32,"11,29","11,77","10,13","11,53","9,9","15,4","14,75","7,85","10.833333","11.5616665","10,28"
721,1,2,1,724,37,"13,36","14,84","9,4","11,71","9,86","8,4","14,75","14","12.87","13.615","13,57"
722,1,2,1,725,31,"11,03","10,61","8,33","12,51","14,12","10,75","14,75","15","14.623333","13.326667","14,04"
723,1,2,1,726,40,"12,09","14,63","15,09","10,12","10,18","11,96","14,75","1,5","8.81","10.95","13,77"
724,1,2,1,727,32,"12,78","10,93","14,36","8,33","10,21","10,49","14,75","7,98","10.98","12.38","13,71"
725,1,2,1,728,42,"10,9","15,61","8,73","14,98","9,1","8,56","14,75","15,58","13.143333","12.521667","13,15"
726,1,2,1,729,39,"15,77","11,12","11,78","8,15","8,95","14,22","14,75","11,25","11.65","14.21","14,98"
727,1,2,1,730,33,"15,16","15,95","14,53","9,06","14,77","14,38","14,75",NULL,"9.84","13","10,93"
728,15,2,0,731,48,"15,79","12,84","11,25","8,62","13,55","15,58","14,75","15","14.433333","15.611667","8,13"
729,1,2,1,732,30,"12,21","10,68","9,65","12,32","9,95","13,4","14,75","13,1","12.6","12.905","11,37"
730,15,2,0,733,38,"10,07","9,91","10,44","9,02","8,65","12,3","14,75","13,4","12.266666","11.668333","8,42"
731,1,2,1,734,47,"14,41","12,85","9,72","14,48","8,77","11,09","14,75","8,85","10.79","13.1","11,33"
732,1,2,0,735,34,"12,91","14,1","15,13","11,51","9,28","8,25","14,75","13,5","12.51","13.21","9,1"
733,1,2,1,736,31,"12,93","9,1","8,83","14,61","9,11","10,11","14,75","11","11.62","12.775","14,88"
734,1,2,1,737,50,"11,39","8,49","10,18","12,08","14,11","15,94","14,75","14.7
5",NULL,NULL,"15,4"
735,1,2,1,738,39,"9,73","10","8,77","11,51","11,7","11,46","14,75","11","12.483334","11.106667","16,52"
736,1,2,0,739,41,"12,24","15,28","9,86","9,01","10,42","11,73","14,75","12","12.39","12.815","9,62"
737,1,2,1,740,37,"13,95","9,67","10,74","12,01","15,49","8,83","14,75","10","13.413333","14.181666","13,26"
738,15,2,0,741,31,"14,79","14,56","15,31","13,27","13,29","9,77","14,75","9,38","12.473333","14.131667","8,67"
739,1,2,1,742,42,"13,53","15,46","12,86","10,2","13,24","12,75","14,75","12,5","13.496667","14.013333","14,76"
740,1,2,1,743,35,"13,7","15,94","15,72","9,83","11,25","9,54","14,75","14,25","13.416667","14.058333","12,71"
741,1,2,0,744,35,"11,31","9,37","12,76","12,96","14,83","13,83","14,75","13.1
5",NULL,NULL,"9,37"
742,1,2,1,745,34,"12,12","9,31","14,56","14,69","9,08","11,19","14,75","14,25","12.693334","12.906667","10,19"
743,1,2,1,746,30,"15,48","12,29","14,6","13,31","11,98","11,87","14,75","15,75","14.16","15.32","14,41"
744,1,2,1,747,32,"13,87","12,63","9,88","9,2","13,14","14,47","14,75","9","12.296667","13.583333","15,41"
745,1,2,0,748,32,"11,35","12,76","9,81","15,9","12,76","13,62","14,75","15,75","14.42","13.385","9,71"
746,1,2,1,749,32,"13,93","15,55","9,65","12,99","11,44","11,63","14,75","14,05","13.413333","14.171667","13,36"
747,1,2,1,750,34,"13,14","11,73","9,4","12,84","15,25","13,27","14,75","10.5
5",NULL,NULL,"10,81"
748,15,2,0,751,36,"15,23","8,25","12,74","9,26","12,14","13,06","14,75",NULL,"8.963333","12.596666","8,32"
749,1,2,1,752,47,"12,59","13,43","13,61","9,86","8,31","12,42","14,75","7,05","10.036667","11.8133335","16,02"
750,15,2,0,753,39,"12,8","10,21","9,96","13,27","9,65","12,61","14,75","12.4
5",NULL,NULL,"8,49"
751,15,2,0,754,56,"16","10,89","15,86","14,81","15,65","15,65","14,75","12","14.133333","15.566667","8,09"
752,15,2,0,755,37,"15,46","12,52","13,26","9,02","12,34","12,96","14,75",NULL,"9.03","12.745","8,78"
753,1,2,1,756,30,"15,46","11,48","10,57","10,4","9,77","10,49","14,75","11,5","12.006667","14.233334","11,83"
754,1,2,1,757,41,"13,41","14,11","12,07","12,34","14,86","15,43","14,75","10","13.203333","13.806666","10,81"
755,1,2,1,758,31,"12,19","14,6","11,61","13,53","15,97","14,04","14,75","14,5","15.073334","14.131667","12,86"
756,1,2,1,759,41,"13,83","10,75","15,57","9,98","9,61","11,95","14,75","12,58","12.3133335","13.571667","15,93"
757,1,2,1,760,31,"11,54","15,24","14,04","9,55","14,53","13,06","14,75","7,6","12.293333","12.416667","14,32"
758,1,2,1,761,32,"11,82","11,32","13,99","14,66","14,72","8,79","14,75","13,37","14.28","13.55","16,15"
759,1,2,0,762,41,"12,32","10,45","11,85","9,11","12,19","9,21","14,75",NULL,"8.98","11.15","9,24"
760,15,2,0,763,40,"14,54","12,5","15,22","11,33","8,33","10,27","14,75","9,85","10.976666","13.258333","8,74"
761,1,2,1,764,44,"10,11","9,02","12,73","14,67","14,17","8,58","14,75","11","13.306666","12.208333","16,67"
762,1,2,1,765,33,"12,1","15,02","14,66","9,93","8,46","9,01","14,75","0","7.7366667","10.418333","11,37"
763,15,2,0,766,43,"13,4","14,66","9,88","15,41","8,1","12,65","14,75","3,5","8.783334","11.591666","8,04"
764,1,2,1,767,41,"12,17","10,5","15,89","15","11,46","11,82","14,75","8,6","11.603333","12.386666","13,9"
765,1,2,1,768,55,"13,59","10,68","13,76","8,06","9,41","14,29","14,75","13","12.386666","13.488334","12,85"
766,1,2,1,769,51,"11,61","14","8,78","14,87","13,62","8,3","14,75","17","15.123333","13.866667","12,96"
767,1,2,1,770,39,"16,54","13,25","14,43","10","15,31","13,03","14,75","11,9","13.986667","15.763333","15,54"
768,15,2,0,771,37,"12,37","13,5","8,62","12,28","13,59","15,31","14,75","12,55","13.63","13.5","9"
769,1,2,0,772,50,"10,48","9,37","14,14","13,54","12,54","15,59","14,75","7,8","11.696667","11.588333","9,31"
770,1,2,1,773,52,"13,16","11,99","13,7","12","9,99","13,17","14,75","14,9","13.213333","13.6866665","11,04"
771,1,2,1,774,38,"14,86","9,78","14,62","8,07","11,67","14,03","14,75","14,05","13.49","14.675","16,31"
772,1,2,1,775,54,"16,46","14,57","14,44","10,24","9,78","11,39","14,75","11,5","12.01","14.735","11,2"
773,1,2,1,776,48,"14,73","11,64","11,51","15,97","15,57","12,19","14,75","10","13.44","14.585","12,36"
774,1,2,1,777,37,"9,36","14,64","12,41","8,96","12,23","15,8","14,75","14","13.66","11.51","15,48"
775,1,2,1,778,49,"11,54","14,32","15,74","14,98","9,98","12,49","14,75","8,6","11.11","11.825","11,86"
776,1,2,1,779,56,"10,66","8,78","14,27","10,24","15,12","8,6","14,75","10,85","13.573334","12.616667","16,09"
777,1,2,1,780,50,"16,44","14,77","10,47","14,7","8,74","11,13","14,75","14,2","12.5633335","15.001667","16,8"
778,1,2,1,781,31,"10,15","15,15","12,86","12,29","10,49","8,18","14,75","10,6","11.946667","11.548333","15,39"
779,1,2,1,782,34,"10,35","8,35","11,58","12,46","14,46","14,27","14,75","16.6
5",NULL,NULL,"13,6"
780,1,2,0,783,40,"15,48","9,53","8,08","11,45","11,26","10,57","14,75","14,17","13.393333","14.9366665","9,3"
781,1,2,1,784,54,"14,12","8,38","12,17","12,33","13,42","8,71","14,75","9","12.39","13.755","15,59"
782,1,2,1,785,36,"13,81","12,29","10,09","13,18","10,68","11,68","14,75","15","13.476666","14.143333","10,37"
783,1,2,1,786,33,"12,39","12,47","8,97","10,12","10,32","14,09","14,75","10,95","12.006667","12.698334","16,7"
784,15,0,0,787,31,"14,5","13,14","12,31","12,91","15,81","12,01","14,75","10","12.353333","13.926666","8,3"
785,15,0,0,788,38,"9,49","12,35","12,97","14,82","11,41","9,75","14,75","10","12.573334","11.031667","8,95"
786,1,0,1,789,52,"9,23","10,26","10,52","12,02","8,61","10,71","14,75","10,7","11.99","10.61","10,64"
787,1,0,1,790,50,"12,86","12,09","11,98","9,37","10,24","9,76","13","13,67","12.883333","13.371667","15,74"
788,1,0,1,791,37,"12,34","10,17","15,66","15,23","9,65","8,81","13","10,22","12.96","13.15","13,13"
789,1,0,1,792,57,"8,97","10,35","10,6","15,4","11,56","12,88","13","0","7.866667","8.418333","14,38"
790,1,0,1,793,30,"10,69","14,73","12,76","11,56","13,56","9,79","13","13,2","12.986667","12.338333","14,63"
791,1,0,1,794,36,"13,91","9,38","12,87","13,13","11,67","11,75","13","11,2","12.356667","13.633333","15,41"
792,1,0,1,795,36,"12,94","14,73","15,21","9,82","15,37","11,5","13","14","14.07","14.005","13,79"
793,1,0,1,796,42,"11,56","8,09","15,18","11,98","11,8","10,26","13","8,5","12.226666","12.393333","16,59"
794,1,0,1,797,41,"12,34","15,11","13,04","12,28","12,49","11,51","13","0","8.68","11.01","10,74"
795,1,0,1,798,56,"12,09","8,14","8,29","11,03","11,29","13,07","13","17,38","12.89","12.99","11,49"
796,15,0,0,799,52,"16,17","12,47","15,79","11,17","10,76","12,21","13","10,5","13.096666","15.133333","8,37"
797,1,0,1,800,57,"14,55","11,36","13,8","8,86","15,21","13,66","13","14,9","13.9","14.725","13,41"
798,1,0,1,801,40,"12,77","9,69","13,18","12,14","15,07","14,01","13","7,8","11.326667","12.548333","11,98"
799,1,0,1,802,50,"10,36","10,97","13,19","10,89","11,36","13,56","13","12,02","12.736667","12.048333","13,67"
800,1,0,1,803,60,"9,94","12,12","14,12","9,28","12,71","13,29","13","14,4","13.84","11.89","10,53"
801,1,0,1,804,43,"10,84","15,48","13,54","10,53","9,66","14,18","13","14,85","13.796667","12.818334","14,14"
802,1,0,1,805,39,"9,97","12,28","13,09","14,13","8,45","8,24","13","13","13.03","11.5","16,86"
803,1,0,1,806,54,"14,86","12,64","12,79","11,68","13,35","11,09","13","12","12.596666","14.228333","13,6"
804,1,0,1,807,56,"10,59","9,58","10,91","12,92","11,5","9,09","13","9,65","11.1866665","11.388333","14,08"
805,1,0,1,808,54,"12,11","12,37","11,2","11,21","10,57","10,92","13","10.4
5",NULL,NULL,"12,58"
806,1,0,1,809,36,"11,71","14,5","10,42","10,19","14,14","15,29","13","10,9","11.44","12.075","10,44"
807,15,0,0,810,60,"11,91","8,98","8,6","15,65","13,67","14,15","13","12,8","11.466666","12.1883335","8,8"
808,1,0,1,811,41,"15,52","9,53","10,88","15,53","13,84","15,31","13","8","10.626667","13.573334","12,65"
809,1,0,0,812,49,"10,89","9,31","15,04","9,37","8,62","12,97","13","14,1","14.046667","12.968333","9,74"
810,1,0,1,813,44,"11,82","10,15","8,07","11,71","10,98","11,92","13","17,5","12.856667","12.838333","16,18"
811,1,0,1,814,39,"15,54","13,71","13,12","11,27","9,92","11,84","13","12,25","12.79","14.665","13,23"
812,1,0,1,815,37,"12,27","9,45","15,39","13,18","11,2","9,18","13","14,4","14.263333","13.766666","11,28"
813,1,0,1,816,57,"14,65","15,07","13,94","11,05","8,2","9,39","13","11,95","12.963333","14.306666","12,56"
814,1,0,1,817,38,"15,04","14,72","8,95","14,03","12,24","13,04","13","15,1","12.35","14.195","16,21"
815,15,0,0,818,52,"13,84","13,97","13,24","9,54","11,91","8,21","13","8,35","11.53","13.185","8,14"
816,1,0,1,819,53,"8,6","12,45","14,74","8,4","11,99","12,84","13","15,7","14.48","11.54","13,28"
817,1,0,1,820,32,"11,58","13,99","13,27","14,02","10,48","10,44","13","9,75","12.006667","12.293333","11,2"
818,1,0,1,821,44,"11,81","9,88","10,58","15,03","12,6","15,47","13","12","11.86","12.335","14,62"
819,1,0,0,822,58,"10,79","14,96","14,32","12,05","12,65","8,93","13","10","12.44","12.115","9,17"
820,1,0,1,823,43,"9,57","9,25","8,73","11,77","8,76","11,6","13","14,7","12.143333","10.856667","16,32"
821,1,0,1,824,37,"11,36","14,42","12,1","12,7","9,72","9,89","13","16,25","13.783334","13.071667","14,26"
822,1,0,1,825,48,"14,69","9,95","14,29","8,61","13,27","12,18","13","10","12.43","14.06","10,66"
823,1,0,1,826,57,"14,7","14,6","14,13","9,12","11,39","10,45","13","12","13.043333","14.371667","14,14"
824,1,0,1,827,37,"10,36","14,54","14,39","14","13,03","9,59","13","14,95","14.113334","12.736667","10,82"
825,1,0,1,828,42,"12,84","15,77","8,24","14,3","14,87","9,4","13","15,3","12.18","13.01","16,55"
826,15,0,0,829,33,"14,17","14,66","9,07","10,82","12,84","13,68","13","11","11.023334","13.096666","8,77"
827,1,0,1,830,46,"10,77","15,51","12,47","9,53","15,73","8,04","13","11","12.156667","11.963333","11,22"
828,1,0,1,831,44,"12,23","9,36","11,76","9,98","12,28","10,98","13","8,72","11.16","12.195","14,41"
829,1,0,1,832,46,"9,75","9,84","12,24","15,58","13,12","9,49","13","9,1","11.446667","10.598333","14,22"
830,1,0,1,833,53,"10,38","10,13","8,36","14,56","10,6","14,22","13","13,82","11.726666","11.553333","13,64"
831,1,0,1,834,32,"14","9,54","8,72","10,6","8,37","12,87","13","13,52","11.746667","13.373333","12,55"
832,1,0,1,835,41,"12,77","10,09","13,82","12,65","14,66","15,3","13","10","12.273334","13.021667","11,25"
833,15,0,0,836,55,"12,52","8,38","9,33","13,2","8,43","12,03","13","10,7","11.01","12.265","8,41"
834,15,0,0,837,39,"14,38","8,98","13,28","13,99","15,17","13,72","13","14","13.426666","14.403334","8,28"
835,1,0,1,838,57,"14,69","14,89","14,39","10,88","11,69","8,59","13","14,35","13.913333","14.801666","10,83"
836,1,0,1,839,44,"10,56","11,05","8,54","12,77","10,41","14,79","13","10,5","10.68","11.12","11,44"
837,1,0,1,840,43,"10,39","14,94","14,92","10,73","15,5","14,69","13","12","13.306666","12.348333","13,68"
838,1,0,0,841,52,"12,58","10,36","15,09","11,55","13,05","15,75","13","12,9","13.663333","13.621667","9,69"
839,1,0,1,842,50,"15,08","15,76","8,3","13,11","15,89","10,13","13","14,23","11.843333","13.961667","10,6"
840,1,0,1,843,39,"9,47","12,6","9,38","10,82","10,96","14,2","13","9,2","10.526667","9.998333","10,11"
841,15,0,0,844,33,"13,96","8,29","9,15","10,76","13,96","14,24","13","8","10.05","12.505","8,63"
842,1,0,0,845,59,"15,39","10,44","11,78","10,02","12,53","9,51","13","11,38","12.053333","14.221666","9,69"
843,1,0,1,846,44,"11,59","13,11","8,21","9,98","10,21","9,76","13","9,75","10.32","11.455","13,9"
844,1,0,1,847,35,"14,68","8,33","14,69","8,65","10,49","14,24","13","10","12.5633335","14.121667","12,14"
845,1,0,0,848,35,"16,2","12,11","11,15","11,99","8,83","11,82","13","12,1","12.083333","14.641666","9,41"
846,1,0,1,849,53,"13,87","11,69","10,05","9,57","15,44","13,52","13","15,82","12.956667","13.913333","13,11"
847,1,0,1,850,42,"11,09","11","13,38","8,62","8,83","15,51","13","9,68","12.02","12.055","14,06"
848,1,0,1,851,42,"11,13","14,03","14,69","9,95","10,38","12,31","13","15","14.23","13.18","13,67"
849,1,0,1,852,50,"10,21","15,03","9,33","14,23","10,6","9,69","13","11","11.11","11.16","12,17"
850,1,0,1,853,34,"12,04","15,98","15,52","11,73","9,84","10,02","13","10,18","12.9","12.97","14,74"
851,15,0,0,854,59,"10,87","9,36","13,18","15,96","12,15","10,04","13",NULL,"8.726666","10.298333","8,05"
852,1,0,1,855,56,"12,8","12,88","8,2","9,87","8,76","13,62","13","12","11.066667","12.433333","16,48"
853,1,0,1,856,56,"13,47","15,39","12,7","13,03","12,1","11,62","13","14","13.233334","13.851666","10,38"
854,1,0,1,857,58,"13,94","11,7","9,25","14,3","12,73","15,11","13","10","10.75","12.845","15,83"
855,1,0,1,858,45,"8,77","9,09","12,01","13,28","9,76","13,21","13","10,8","11.9366665","10.353333","14,99"
856,1,0,1,859,44,"11,24","14,73","15,72","15,62","12,74","8,21","13","12","13.573334","12.906667","10,53"
857,1,0,1,860,42,"12,72","9,42","13,9","11,14","15,07","9,79","13","12,4","13.1","13.41","13,41"
858,1,0,1,861,49,"10,06","8,29","15,35","9,76","12,01","12,7","13","12,05","13.466666","12.263333","16,13"
859,15,0,0,862,49,"13,91","10,14","8,96","9,32","13,66","14,64","13","11,77","11.243333","13.076667","8,4"
860,1,0,0,863,30,"10,19","14,76","10,77","13,14","11,35","10,6","13","11,5","11.756667","11.473333","9,34"
861,1,0,1,864,41,"13,71","13,54","11,17","14,41","14,75","10,4","13","4,25","9.473333","12.091666","10,79"
862,1,0,1,865,43,"12,66","15,03","13,26","14,42","13,29","15,95","13","10","12.086667","12.873333","16,44"
863,1,0,1,866,43,"12,54","12,61","13,01","10,43","15,84","11,5","13","10,02","12.01","12.775","16,51"
864,1,0,1,867,32,"10,55","11,01","9,06","12,51","13,67","8,76","13","11","11.02","11.285","10,62"
865,1,0,1,868,32,"11,72","11,52","10,2","13,14","12,79","9,22","13","13,67","12.29","12.505","12,02"
866,15,0,0,869,37,"10,97","11,5","11,64","15,11","14,57","8,27","13","16,8","13.8133335","12.891666","8,3"
867,1,0,1,870,31,"13,2","11,36","10,13","11,63","8,54","10,9","13","1,4","8.176666","11.1883335","14,83"
868,1,0,1,871,40,"12,49","15,88","10,09","12,4","13,91","8,08","13","12,8","11.963333","12.726666","12,74"
869,1,0,1,872,37,"14,41","8,68","8,29","14,01","11,26","12,14","13","10","10.43","12.92","14,33"
870,1,0,1,873,46,"12,93","11,49","8,46","12,84","11,7","11,09","13","10,3","10.586667","12.258333","11,58"
871,1,0,1,874,53,"16,12","10,45","13,54","11,08","10,99","12,37","13","12,5","13.013333","15.066667","10,13"
872,1,0,1,875,33,"12","12,09","11,06","8,24","11,97","14,34","13","10","11.353333","12.176666","14,74"
873,1,0,1,876,36,"13,35","15,09","8,89","12,42","13,05","11,2","11,05","9,75","9.896667","12.123333","14,11"
874,1,0,1,877,60,"14,62","9,73","13","9,01","14,33","9,91","11,05","12,9","12.316667","13.968333","11,05"
875,1,0,1,878,43,"9,13","11,84","8,01","10,41","11,49","11,54","11,05","12","10.353333","9.741667","13,68"
876,1,0,1,879,50,"9,31","12,74","12,03","14,74","12,56","9,08","11,05","9,9","10.993333","10.151667","13,74"
877,1,0,1,880,32,"10,64","15,97","13,22","14,93","15,53","8,59","11,05","11,55","11.94","11.79","12,16"
878,15,0,0,881,45,"12,68","14,41","8,81","12,89","9,56","13,19","11,05","10","9.953333","11.816667","8,88"
879,1,0,1,882,38,"11,75","9,15","9,04","10,1","14,32","10,82","11,05","10,5","10.196667","11.473333","10,67"
880,1,0,1,883,52,"12,61","13,95","9,89","10,86","8,54","11,12","11,05","9,75","10.23","11.92","16,81"
881,15,0,0,884,48,"13,78","13,13","13,61","12,88","11,27","12","11,05","0","8.22","11.5","8,97"
882,15,0,0,885,40,"9,79","8,57","13,18","15,91","14,78","14,23","11,05","7","10.41","10.1","8,98"
883,1,0,1,886,43,"12,7","12,78","13,9","12,78","12,09","15,21","11,05","8,05","11","12.35","10,82"
884,1,0,1,887,53,"11,16","14,16","10,37","8,84","13,26","13,72","11,05","10,6","10.673333","11.416667","15,89"
885,1,0,1,888,42,"11,36","13,34","10,37","11,16","10,1","13,63","11,05","13,97","11.796667","12.078333","11,31"
886,1,0,1,889,57,"15,71","13,53","9,53","11,1","8,05","9,15","11,05","15","11.86","14.285","12,77"
887,15,0,0,890,43,"10,39","8,61","10,35","12,81","9,58","9,67","11,05","15,52","12.306666","11.848333","8,53"
888,15,0,0,891,30,"13,51","10,12","9,66","11,72","14,82","13,76","11,05","8","9.57","12.04","8,46"
889,1,0,1,892,37,"11,91","11,19","15,79","15,54","8,58","15,46","11,05","9,4","12.08","12.495","11,1"
890,1,0,0,893,47,"10,47","13,81","14,73","15,03","14,47","8,83","11,05","13","12.926666","12.198334","9,92"
891,1,0,1,894,54,"12,71","10,1","14,33","14,15","10,23","11,25","11,05","13,2","12.86","13.285","10,06"
892,1,0,1,895,37,"15,22","13,41","11,6","13,71","15,87","14,71","11,05","15.0
5",NULL,NULL,"14,21"
893,1,0,1,896,59,"12,78","14,71","10,76","10,54","11,03","14,95","11,05","12.6
5",NULL,NULL,"15,57"
894,1,0,1,897,30,"12,28","10,44","15,55","10,54","10,25","13,29","11,05","6,2","10.933333","12.106667","10,07"
895,1,0,1,898,45,"15,98","9,44","8,17","9,93","13,62","12,45","11,05","10","9.74","13.36","12,59"
896,1,0,1,899,56,"13,96","14,92","14,1","8,16","13,38","12,36","11,05","13,6","12.916667","13.9383335","14,48"
897,15,0,0,900,46,"10,72","14,5","12,48","10,81","14,17","9,23","11,05","15,17","12.9","12.31","8,18"
898,1,0,1,901,33,"12,04","11,2","9,81","11,15","13,89","8,15","11,05","10.9
5",NULL,NULL,"16,14"
899,1,0,1,902,46,"10,96","14,79","9,74","13,73","9,17","10,91","11,05","8,4","9.73","10.845","12,87"
900,1,0,1,903,51,"13,95","12,13","11,6","13,99","10,91","9,07","11,05","14","12.216666","13.583333","10,29"
901,1,0,1,904,49,"12,14","14,61","15,43","13,97","13,6","12,45","11,05","12,1","12.86","13","15,98"
902,1,0,1,905,55,"15,62","8,45","14,04","11,08","15,65","8,94","11,05","14,3","13.13","14.875","11,46"
903,1,0,1,906,45,"14,22","12,89","9,65","9,99","12,98","11,28","11,05","14,7","11.8","13.51","12,26"
904,1,0,1,907,45,"13,87","10,12","14","8,37","14,59","11,75","11,05","9,5","11.516666","13.193334","10,23"
905,1,0,1,908,39,"14,11","9,53","14,4","11,49","10,67","15,34","11,05","11,8","12.416667","13.763333","11,79"
906,1,0,1,909,42,"13","8,79","14,58","8,67","12,63","11,63","11,05","12,72","12.783334","13.391666","14,78"
907,1,0,1,910,54,"12,14","11,16","10,1","8,29","11,58","12,96","11,05","9,98","10.376667","11.758333","15,87"
908,1,0,1,911,33,"13,05","10,04","15,24","12,93","11,88","10,1","11,05",NULL,"8.763333","11.406667","10,29"
909,1,0,1,912,59,"10,91","11,44","10,21","9,57","11,8","13,87","11,05","13,9","11.72","11.815","14,29"
910,1,0,1,913,60,"9,95","8,36","10,87","10,4","10,6","9,23","11,05","10,5","10.806666","10.378333","13,07"
911,1,0,1,914,44,"12,31","15,06","12,78","11,57","10,2","14,16","11,05","12","11.943334","12.626667","16,19"
912,1,0,1,915,47,"10,73","15,17","10,72","11,69","9,55","13,82","11,05","13,65","11.806666","11.768333","12,79"
913,1,0,1,916,36,"11,09","9,54","12,81","8,61","14,11","8,05","11,05","11","11.62","11.855","11,8"
914,1,0,1,917,50,"10,79","15,09","14,48","15,31","13,16","15,47","11,05","9,65","11.726666","11.758333","10,49"
915,1,0,1,918,60,"9,91","10,51","11,01","9,07","8,51","11,18","11,05","12","11.353333","10.631667","11,76"
916,1,0,1,919,57,"13,36","11,08","8,99","8,45","15,95","8,88","11,05","16,42","12.153334","13.256667","11,17"
917,1,0,1,920,44,"11,75","8,24","12,08","9,92","12,54","15,97","11,05","12,85","11.993333","12.371667","13,09"
918,1,0,1,921,47,"15,07","13,76","12,54","12,75","8,91","9,86","11,05",NULL,"7.863333","11.966666","10,49"
919,1,0,1,922,53,"10,64","12,71","9,8","10,79","13,35","10,31","11,05","10","10.283334","10.961667","13,05"
920,1,0,1,923,31,"11,86","10,97","9,09","13,29","15,95","12,06","11,05","10","10.046667","11.453333","13,28"
921,1,0,1,924,54,"13,88","15,83","12,62","12,19","10,97","12,31","11,05","10","11.223333","13.051666","13,65"
922,1,0,1,925,33,"11,68","15,09","10,16","11,75","11,98","10,26","11,05","14","11.736667","12.208333","13,53"
923,1,0,1,926,35,"14,01","12","8,11","14,06","11,82","15,11","11,05","1,4","6.8533335","10.931666","11,04"
924,1,0,1,927,40,"11,41","13,54","14,47","10,88","9,02","14,64","11,05","13
",NULL,NULL,"13,68"
925,1,0,0,928,54,"15,81","12,47","10,55","11,54","11,58","10,82",NULL,NULL,NULL,NULL,"9,43"
